,attachments,author_id,created_at,edit_history_tweet_ids,id,lang,text,retweet_count,reply_count,like_count,quote_count,impression_count
0,{'media_keys': ['3_1601314181004857345']},155659213,2022-12-09 20:33:47+00:00,[1601314186554138624],1.60131E+18,pt,"HÃ¡ um Mundial que Portugal jÃ¡ ganhou: o dos adeptos! IncrÃ­vel o apoio e o carinho que temos sentido de tantos portugueses (e nÃ£o sÃ³!) aqui no Catar, tÃ£o longe da nossa pÃ¡tria. Continuem a apoiar nos bons e nos maus momentos, tudo faremos para retribuir com vitÃ³rias! ForÃ§a,ğŸ‡µğŸ‡¹ğŸ™ğŸ½ https://t.co/LKSTQ9W3FB",21361,18135,315094,2726,0
0,{'media_keys': ['7_1477700130161713154']},155659213,2022-01-02 17:55:48+00:00,[1477700166236921861],1.4777E+18,en,Enjoyed being the world's first mask-changing footballer warrior. Exclusive BTS and how it is made possible with advanced technology. @ZujuGP is giving away a shirt I signed to a subscriber. Sign up at https://t.co/KUzDXijhQw to watch the full video and know how to participate! https://t.co/m5FXlWETsw,21361,18135,315094,2726,0
1,{'media_keys': ['3_1600839908800843777']},155659213,2022-12-08 13:09:12+00:00,[1600839914719178753],1.60084E+18,pt,"Um grupo demasiado unido para ser quebrado por forÃ§as externas. Uma naÃ§Ã£o demasiado corajosa para se deixar atemorizar perante qualquer adversÃ¡rio. Uma equipa no verdadeiro sentido da palavra, que vai lutar pelo sonho atÃ© ao fim! Acreditem connosco! ForÃ§a, Portugal!ğŸ‡µğŸ‡¹ğŸ™ğŸ½ https://t.co/gUeENXSB5F",31143,7329,367080,2715,0
2,{'media_keys': ['3_1599468027782828032']},155659213,2022-12-04 18:17:56+00:00,[1599468060301148162],1.59947E+18,und,ğŸ‡µğŸ‡¹ğŸ™ğŸ½ğŸ’ªğŸ½ https://t.co/JojzIfF3F4,24274,9099,506086,1731,0
3,{'media_keys': ['3_1598737889583665178']},155659213,2022-12-02 17:56:36+00:00,[1598737914883706890],1.59874E+18,pt,Primeiros dois objectivos alcanÃ§ados: apuramento e lideranÃ§a no nosso grupo. Mas hÃ¡ ainda muito mais pela frente! Vamos Portugal!ğŸ‡µğŸ‡¹â¤ï¸ https://t.co/8cUV7ti3x1,12165,3827,222085,551,0
4,{'media_keys': ['3_1598371094905425934']},155659213,2022-12-01 17:39:01+00:00,[1598371099363971086],1.59837E+18,pt,O apuramento estÃ¡ garantido mas queremos tambÃ©m o 1.Âº lugar. NÃ£o hÃ¡ limites para esta equipa nem para os nossos objectivos. Vamos por mais! ForÃ§a Portugal!ğŸ‡µğŸ‡¹ğŸ™ğŸ½ https://t.co/BeQFNW3GsR,14077,3967,309669,659,0
5,{'media_keys': ['3_1597343563825700865']},155659213,2022-11-28 21:35:59+00:00,[1597343573233790978],1.59734E+18,pt,"Estamos nos oitavos do Mundial! Grande trabalho, equipa! Frente a um adversÃ¡rio de grande mÃ©rito, fizemos valer a nossa forÃ§a e a nossa qualidade. Vamos em frente! Estamos na luta e o nosso sonho continua bem vivo! ForÃ§a, Portugal! ğŸ’ªğŸ½ğŸ‡µğŸ‡¹ https://t.co/VJWLFD1J8z",28257,6808,340300,1655,0
6,{'media_keys': ['3_1596934233766895617']},155659213,2022-11-27 18:29:26+00:00,[1596934238628347905],1.59693E+18,pt,Unidos e focados. Rumo ao nosso objectivo.ğŸ‡µğŸ‡¹ğŸ™ğŸ½ https://t.co/MYEaxlener,20609,5213,395049,1156,0
7,{'media_keys': ['3_1596160171105030145']},155659213,2022-11-25 15:13:35+00:00,[1596160176394014724],1.59616E+18,pt,"VitÃ³ria muito importante na nossa estreia neste Mundial, mas nada estÃ¡ ganho! Foi apenas o primeiro passo! Seguimos focados na busca dos nossos objectivos. ForÃ§a Portugal!ğŸ‡µğŸ‡¹ğŸ™ğŸ½ğŸ’ªğŸ½ https://t.co/SmaEEGwYsK",17333,4836,276482,646,0
8,{'media_keys': ['3_1595501690345689118']},155659213,2022-11-23 19:37:02+00:00,[1595501696184160259],1.5955E+18,pt,"Prestes a iniciarmos a nossa campanha na maior competiÃ§Ã£o do Mundo. Uma aventura que desejamos longa e repleta de sucessos, de forma a elevarmos bem alto o nome e a bandeira do nosso paÃ­s. Queremos encher todos os portugueses de orgulho e alegria. NÃ£o hÃ¡ impossÃ­veis! ForÃ§a ğŸ‡µğŸ‡¹ğŸ™ğŸ½ğŸ’ªğŸ½ https://t.co/GhfbIM5UDo",30974,11312,439014,4078,0
9,{'media_keys': ['3_1595149669478301710']},155659213,2022-11-22 20:18:13+00:00,[1595149673777725440],1.59515E+18,zxx,https://t.co/OZJAW7HSJM,78386,25545,915036,10217,0
10,{'media_keys': ['13_1594796031190847488']},155659213,2022-11-22 09:00:01+00:00,[1594979000337563649],1.59498E+18,en,"How many did you get right? Make sure you have the free @livescore app so you can follow all the action, stats and news!

https://t.co/4lzGWzX9Qf https://t.co/TPTh1CCbBT",5662,2663,90208,195,0
11,{'media_keys': ['13_1594056730094501888']},155659213,2022-11-20 16:00:02+00:00,[1594359923537846273],1.59436E+18,en,"My first ever NFT collection is live now on @Binance. Donâ€™t miss out! 
Sign up now with code RONALDO to explore the collection and get a free mystery box too.

Join me: 
https://t.co/CTz5dyJbTO https://t.co/e1pEmswVkS",4482,2137,66462,199,0
12,{'media_keys': ['3_1594355750045900804']},155659213,2022-11-20 15:43:28+00:00,[1594355756559728642],1.59436E+18,pt,"Boas energias, boas sensaÃ§Ãµes, o mesmo empenho e a mesma concentraÃ§Ã£o de que colocamos em cada desafio. Foco! Vontade! CrenÃ§a! Seja onde for, Portugal, sempre!ğŸ‡µğŸ‡¹ğŸ™ğŸ½ https://t.co/tWgeKBRG3J",14912,3825,263405,735,0
13,{'media_keys': ['3_1594026526361673730']},155659213,2022-11-19 17:55:15+00:00,[1594026532934414336],1.59403E+18,en,Victory is a State of Mind. A long tradition of crafting trunks photographed by @annieleibovitz for @LouisVuitton https://t.co/0TsieZP40P,215658,20766,1753643,28672,0
14,{'media_keys': ['7_1593926961876897792']},155659213,2022-11-19 11:19:56+00:00,[1593927048539643905],1.59393E+18,en,"Taking over Times Square with my new wax figure and showing Portugal to the world! 

#madametussaudsusa
#visitportugal https://t.co/Ud1gKxyLdU",16597,3140,144970,1646,0
15,{'media_keys': ['13_1593588651623329792']},155659213,2022-11-18 18:00:02+00:00,[1593665349106311168],1.59367E+18,en,"I canâ€™t leave for Qatar without my #Theragun PRO!
Itâ€™s important to keep my routine consistent and I know I can always turn to @therabody to keep me feeling my best. https://t.co/Oaj7bTqT2q",4786,2095,66210,228,0
16,{'media_keys': ['3_1593590497875984385']},155659213,2022-11-18 13:02:37+00:00,[1593590502745595907],1.59359E+18,pt,"Grande prova de forÃ§a ontem em Alvalade, com os nossos rapazes a mostrarem toda a sua personalidade. Clara demonstraÃ§Ã£o de talento e capacidade, mais uma razÃ£o para levarmos connosco na bagagem todos os sonhos do Mundo! Seja onde for, Portugal, sempre!ğŸ‡µğŸ‡¹â¤ï¸ https://t.co/fqm17zcYss",14675,4163,205175,820,0
17,{'media_keys': ['13_1593517299645829120']},155659213,2022-11-18 09:00:04+00:00,[1593529459306598401],1.59353E+18,en,"A new journey together begins today.
Join me on @Binance, the home of my exclusive NFT collection.
Sign up now with code RONALDO to get a free mystery box: 
https://t.co/JNvl8pAt8L https://t.co/UyDinTIVN2",6179,2480,67349,384,0
18,{'media_keys': ['13_1592895063700348929']},155659213,2022-11-16 18:00:02+00:00,[1592940572129517573],1.59294E+18,en,"Looking forward to competing against the worldâ€™s best. Make sure you have the free @livescore app so that you can follow all the action, stats and news!

https://t.co/4lzGWzFyYH https://t.co/zSFwjhxHYK",8368,4071,110553,481,0
19,{'media_keys': ['7_1592520258379825153']},155659213,2022-11-15 14:10:01+00:00,[1592520297290551308],1.59252E+18,en,"My NFT collection is coming on November 18, exclusively on @Binance.Â 

This is your chance to join my Web3 community and own iconic moments from my career.

Sign up now with code RONALDO to prepare, and receive a surprise when the collection drops. https://t.co/5lXNzxs2lC",13830,8659,128668,2985,0
20,{'media_keys': ['3_1592247873818820608']},155659213,2022-11-14 20:07:31+00:00,[1592247879300747264],1.59225E+18,pt,"Foco total e absoluto nos trabalhos da SelecÃ§Ã£o Nacional. Grupo unido, rumo a um sÃ³ objectivo: realizar o sonho de todos os portugueses! https://t.co/iu2qlJvb62",19236,8430,268987,2059,0
21,{'media_keys': ['3_1591497005997637634']},155659213,2022-11-12 18:23:51+00:00,[1591497013442801667],1.5915E+18,pt,Muitos parabÃ©ns meu amor! ğŸ‚â¤ï¸ğŸ˜˜ https://t.co/mwer7HpRzW,21253,7768,509432,1692,0
22,{'media_keys': ['7_1591458238008107008']},155659213,2022-11-12 15:50:20+00:00,[1591458382644486146],1.59146E+18,en,"Very happy @zujugp is giving the next generation of football stars in Asia the chance to shine. The YoungWarrior Scholarship 2022 starts in Singapore, and will be in other parts of Asia next year. Letâ€™s do this!

All info on @zujugp https://t.co/n9BWus1Y7H",2518,923,35857,43,0
23,{'media_keys': ['3_1590762767803453449']},155659213,2022-11-10 17:46:14+00:00,[1590762773310427136],1.59076E+18,pt,"Uma vez mais, prontos para elevar bem alto o nome de Portugal! SÃ£o 26 os nomes na lista do Mister Fernando Santos, mas estamos todos convocados! ForÃ§a Portugal!ğŸ’ªğŸ½ğŸ™ğŸ½ https://t.co/ZYrmIs4deq",22288,6411,270405,2898,0
24,{'media_keys': ['3_1588267726124056576']},155659213,2022-11-03 20:31:50+00:00,[1588267732298043392],1.58827E+18,en,We move on and we keep going after our goals this season! Thanks to our supporters that never give up on us!ğŸ‘ğŸ½ https://t.co/KPXpPz2Jng,23954,5015,373502,904,0
25,{'media_keys': ['3_1586795480742256640']},155659213,2022-10-30 19:01:39+00:00,[1586795486907961345],1.5868E+18,en,3 important points ğŸ’ªğŸ½ #WellDoneLads https://t.co/N5ZvL8cUqb,15836,3469,266620,332,0
26,{'media_keys': ['13_1586285952343085056']},155659213,2022-10-29 13:00:03+00:00,[1586342096302006272],1.58634E+18,en,"LiveScore, itâ€™s More Than A Score. Download the free @livescore app for all the latest football action, stats and analysis. https://t.co/4lzGWzX9Qf https://t.co/N8QC9FoBLn",3153,1468,54669,100,0
27,{'media_keys': ['3_1585748978943107074']},155659213,2022-10-27 21:43:14+00:00,[1585748985020456960],1.58575E+18,en,"Great team effort and a good victory. We stand together. Letâ€™s go, United! ğŸ’ªğŸ½ https://t.co/GnjAR3oM3s",41714,9189,500500,2601,0
28,{'media_keys': ['3_1585305021075398657']},155659213,2022-10-26 16:19:06+00:00,[1585305026834345985],1.58531E+18,en,"Back on track, with the same commitment and dedication as always! ğŸ’ªğŸ½ https://t.co/fB6HMHEmX9",26386,10594,428797,2388,0
29,{'media_keys': ['7_1582440876038623247']},155659213,2022-10-18 18:38:35+00:00,[1582441027092197377],1.58244E+18,en,"How have I been spending my recovery sessions lately? With the new #Theragun PRO from @therabody . With visually-guided, built-in routines and a redesigned motor that is 20% quieter, the Theragun helps me #KeepMoving at peak performance on and off the field. https://t.co/GbuqDMoicg",5417,4508,86546,929,0
30,"{'media_keys': ['3_1581944740358094848', '3_1581944740387356678']}",155659213,2022-10-17 09:46:33+00:00,[1581944746326765568],1.58194E+18,en,Always good to be with you boss! ğŸ™ğŸ½ https://t.co/TP4bzkgDCz,36125,5840,567635,1465,0
31,{'media_keys': ['3_1580831844014194689']},155659213,2022-10-14 08:04:18+00:00,[1580831849521115136],1.58083E+18,en,ğ–ğ ğ›ğğ¥ğ¢ğğ¯ğ ğ®ğ§ğ­ğ¢ğ¥ ğ­ğ¡ğ ğğ§ğâ€¦ ğŸ”´âšªï¸âš«ï¸ #mufc https://t.co/gwMxnyRfxt,12723,3762,250715,632,0
32,{'media_keys': ['7_1580237668616658945']},155659213,2022-10-12 16:43:50+00:00,[1580237819838332929],1.58024E+18,en,"When itâ€™s time for you to take the stage, drown out the noise, find your voice, and make it heard. 
#ClearxCR7 #ClearMen #BeClearBeFearless #BeTheFirstYou https://t.co/r3DDk3Z1ji",3318,1644,46884,79,0
33,{'media_keys': ['7_1579740387392081921']},155659213,2022-10-11 08:02:00+00:00,[1579744108184309762],1.57974E+18,en,"For every moment you see on the field, there are countless moments you donâ€™t see off it. From working out, to nutrition, to the community that makes me stronger, itâ€™s important to nourish every part of life. #lifewellnourished #herbalife https://t.co/vZvIsiJ9yR",9454,3392,132122,351,0
34,{'media_keys': ['3_1579427791673692161']},155659213,2022-10-10 11:05:06+00:00,[1579427798250573825],1.57943E+18,en,"ğŸ•ğŸğŸ ğœğ¥ğ®ğ› ğ ğ¨ğšğ¥ğ¬. 
What a beautiful number weâ€™ve achieved together!
Thank you to all my teammates, coaches, clubs, family &amp; friends and of course my fans.
United we continue! ğŸ™ğŸ½ https://t.co/oYWo766Xcl",82027,15324,790743,5692,0
35,{'media_keys': ['3_1579231066476404738']},155659213,2022-10-09 22:03:22+00:00,[1579231072302166017],1.57923E+18,en,"Great win guys! 
Another step in the right direction! ğŸ™ğŸ½
#WeStandUnited https://t.co/drEC94rEzc",24696,6547,363127,1170,0
36,{'media_keys': ['3_1573789007787528193']},155659213,2022-09-24 21:38:35+00:00,[1573789016247468034],1.57379E+18,pt,"Grande jogo, importante vitÃ³ria equipa!Continuamos focados no nosso objetivo ğŸ™ğŸ½ğŸ’ªğŸ½
Obrigado ao pÃºblico portuguÃªs pelo apoio fantÃ¡stico.ğŸ‘ğŸ½ğŸ‡µğŸ‡¹â¤ï¸ https://t.co/JRuyUTxOee",10868,13878,192310,543,0
37,{'media_keys': ['7_1573219898603569152']},155659213,2022-09-23 08:01:00+00:00,[1573220875222097923],1.57322E+18,en,"From my first match to now, thereâ€™s no feeling like it. @livescore Itâ€™s more than a score

https://t.co/4lzGWzFyYH https://t.co/Di5vTbyK3d",4611,7147,75035,276,0
38,{'media_keys': ['3_1572618987153887235']},155659213,2022-09-21 16:09:20+00:00,[1572618993495838721],1.57262E+18,pt,Feliz por estar de volta a casa! ğŸ˜€ğŸ‡µğŸ‡¹ğŸ™ğŸ½ https://t.co/nh5FlzjORG,13729,7261,291190,643,0
39,{'media_keys': ['3_1570498594620297217']},155659213,2022-09-15 19:43:39+00:00,[1570498600828039169],1.5705E+18,en,"Happy to score and help the team win! 3 important points! 
Well done lads ğŸ‘ğŸ½ğŸ’ªğŸ½ https://t.co/Gb7mTJcqqd",18474,8442,324886,1014,0
40,{'media_keys': ['3_1566808580740812802']},155659213,2022-09-05 15:20:51+00:00,[1566808585920778248],1.56681E+18,en,It's always good to be with you! ğŸ‘ğŸ½ #alwaystogether https://t.co/QdpkKcuS0F,17743,6882,365049,684,0
41,{'media_keys': ['3_1566500714184073216']},155659213,2022-09-04 18:57:30+00:00,[1566500720370647042],1.5665E+18,en,"Well done, lads! And a very special thank you to our supporters! ğŸ‘ğŸ½
Letâ€™s go, Devils! ğŸ’ªğŸ½ https://t.co/TB2WJRnrQO",28859,7307,466592,1239,0
42,{'media_keys': ['3_1565708232928247808']},155659213,2022-09-02 14:28:28+00:00,[1565708238875656193],1.56571E+18,en,Great victory! ğŸ’ªğŸ½ #mufc https://t.co/AIHhzaBEqf,22925,6300,506537,1123,0
43,{'media_keys': ['7_1564888746721517572']},155659213,2022-08-31 08:12:57+00:00,[1564888962069676033],1.56489E+18,en,"Get goal notifications before I even finish my Siiimmm! Download the @livescore app to see what youâ€™re missing

https://t.co/4lzGWzFyYH https://t.co/Jr0Zfd2Gwo",4202,3707,68201,359,0
44,{'media_keys': ['3_1563569583222427649']},155659213,2022-08-27 16:50:15+00:00,[1563569592844181508],1.56357E+18,en,3 important points! ğŸ’ªğŸ½  #mufc https://t.co/ArVuHXDCF1,23421,9155,547441,1739,0
45,{'media_keys': ['3_1562851504322658304']},155659213,2022-08-25 17:16:50+00:00,[1562851509850632192],1.56285E+18,en,Keep working and focused ğŸ™ğŸ½ğŸ’ªğŸ½ https://t.co/W03sh6ggYE,28757,12716,615500,3338,0
46,{'media_keys': ['3_1557436127010869248']},155659213,2022-08-10 18:38:04+00:00,[1557436132945707008],1.55744E+18,en,Hard work always pays off ğŸ™ğŸ½ğŸ’ªğŸ½ https://t.co/kMqIpB2nfV,25682,17430,532936,1878,0
47,{'media_keys': ['3_1553808174817370112']},155659213,2022-07-31 18:21:53+00:00,[1553808180332969985],1.55381E+18,en,Happy to be back ğŸ’ªğŸ½ğŸ™ğŸ½ https://t.co/Fp6dpBTXcb,36712,24106,781828,5583,0
48,{'media_keys': ['3_1553390659079380993']},155659213,2022-07-30 14:42:49+00:00,[1553390665643573251],1.55339E+18,en,Working in progressâ€¦ğŸ’ªğŸ½ https://t.co/E2G5ZEayeG,28015,10705,538819,5370,0
49,{'media_keys': ['3_1552025600700850188']},155659213,2022-07-26 20:18:34+00:00,[1552025605406851072],1.55203E+18,pt,"â€œA genÃ©tica carrega o revÃ³lver, o estilo de vida puxa o gatilhoâ€

MLR https://t.co/XWl6UOrEjC",13307,13389,301394,2443,0
50,{'media_keys': ['3_1550793494020718594']},155659213,2022-07-23 10:42:37+00:00,[1550793501566189569],1.55079E+18,und,ğŸ’ªğŸ½ https://t.co/qMjVO2nTTV,30022,17081,716912,6590,0
51,{'media_keys': ['3_1549068682365730817']},155659213,2022-07-18 16:28:50+00:00,[1549068687897927684],1.54907E+18,en,Work done ğŸ’ªğŸ½ https://t.co/NMjIoVUWwz,12175,7741,340289,1047,0
52,{'media_keys': ['3_1547608773358850054']},155659213,2022-07-14 15:47:41+00:00,[1547608781323771904],1.54761E+18,en,HARD WORK ğŸ’ªğŸ½ https://t.co/NBxQI0TuL6,29187,15559,567619,7035,0
53,{'media_keys': ['3_1540310449148891137']},155659213,2022-06-24 12:26:44+00:00,[1540310454043566084],1.54031E+18,und,âš½ï¸ğŸƒğŸ»â€â™‚ï¸ https://t.co/MUY0MpqUcF,19030,14354,454734,1232,0
54,{'media_keys': ['13_1539925965354278915']},155659213,2022-06-23 14:02:00+00:00,[1539972040291061765],1.53997E+18,en,"Proud to be partnering with @binance 

Together weâ€™ll give you the opportunity to own an iconic piece of sports history.

Iâ€™m excited to take this journey with all of you. Letâ€™s change the NFT game with #Binance. https://t.co/SNSCMHggct",18573,8005,135305,3751,0
55,{'media_keys': ['3_1539299068681265152']},155659213,2022-06-21 17:27:53+00:00,[1539299079095713792],1.5393E+18,pt,"Gastamos muito tempo em tarefas urgentes, quando deverÃ­amos nos concentrar em tarefas importantes! ğŸ˜‰

MLR https://t.co/89Znuo8lUg",5735,2926,141594,371,0
56,{'media_keys': ['3_1538476357163929601']},155659213,2022-06-19 10:58:43+00:00,[1538476363383988225],1.53848E+18,en,Feeling Good ğŸ˜‰ https://t.co/ywEIsMh1Ij,20704,9545,555699,3039,0
57,{'media_keys': ['3_1537737252348076033']},155659213,2022-06-17 10:01:47+00:00,[1537737259302232064],1.53774E+18,pt,"Feliz aniversÃ¡rio meu filho! ğŸ‚ğŸ‰ğŸ˜˜
Como o tempo passa a correrâ€¦ ?! SerÃ¡ que ainda vamos jogar juntos?! ğŸ¤”ğŸ˜…
O mais importante Ã© continuares a ser o menino que Ã©s com um coraÃ§Ã£o enorme! Muitas Felicidades, filhote! O papÃ¡ ama-te muito â¤ï¸ğŸ™ğŸ½ https://t.co/IkxhPi0ulI",15586,7614,385004,1581,0
58,{'media_keys': ['3_1537443064116965377']},155659213,2022-06-16 14:32:47+00:00,[1537443071159173122],1.53744E+18,und,ğŸŒŠ â˜€ï¸ #vacationmode https://t.co/abyyKeDAuQ,16344,6927,452544,2588,0
59,{'media_keys': ['3_1536426862922145798']},155659213,2022-06-13 19:14:45+00:00,[1536426867854610433],1.53643E+18,pt,"Mais do que um companheiro de equipa, um irmÃ£o que o futebol me deu. Dentro e fora dos campos, um dos maiores craques com quem tive o prazer de partilhar um balneÃ¡rio. Vai com tudo nessa nova aventura, Marcelo! ğŸ™ŒğŸ½ğŸ™ğŸ½ğŸ‘ŠğŸ½ https://t.co/Rjgb5R3DAd",65390,7999,741449,8082,0
60,{'media_keys': ['3_1534909441237209089']},155659213,2022-06-09 14:45:04+00:00,[1534909447130210305],1.53491E+18,pt,"EstÃ¡ na hora de reforÃ§ar a lideranÃ§a no grupo, manter o bom momento exibicional e brindar os nossos adeptos com mais uma vitÃ³ria. Como sempre, contamos com o vosso incansÃ¡vel apoio! Vamos Portugal!ğŸ‡µğŸ‡¹ğŸ™ğŸ½ğŸ’ªğŸ½ https://t.co/yFW9H2K1qr",8285,6063,184721,571,0
61,{'media_keys': ['13_1533796153921241089']},155659213,2022-06-06 17:00:00+00:00,[1533856241197490177],1.53386E+18,en,"Download the @livescore app and get all your football updates wherever you are!

https://t.co/4lzGWzFyYH https://t.co/oqSf2E3Rfl",3373,1953,53967,239,0
62,{'media_keys': ['3_1533786888967946241']},155659213,2022-06-06 12:24:29+00:00,[1533786907066384384],1.53379E+18,und,ğŸ™ğŸ½ğŸ‘ğŸ½ https://t.co/eNg4TPW7GJ,22611,5594,389733,954,0
63,"{'media_keys': ['3_1533578749727457281', '3_1533578749748428800']}",155659213,2022-06-05 22:37:23+00:00,[1533578760687079425],1.53358E+18,pt,"VitÃ³ria importantÃ­ssima na nossa caminhada, muito orgulho e confianÃ§a neste grupo, muita forÃ§a para darmos aos portugueses aquilo que tanto desejamos: vitÃ³rias e exibiÃ§Ãµes convincentes. Parece que a Ã©poca estÃ¡ a acabar, mas na verdadeâ€¦ isto ainda estÃ¡ sÃ³ a comeÃ§ar! ğŸ’ªğŸ» https://t.co/6NckZC9Eqn",11223,2836,165637,512,0
64,{'media_keys': ['3_1533383995068661766']},155659213,2022-06-05 09:43:28+00:00,[1533383999162310657],1.53338E+18,pt,"Muitos parabÃ©ns meus amores ğŸ‚ğŸ‰ğŸ™ğŸ½
O papÃ¡ nÃ£o podia estar mais orgulhoso de vocÃªs, continuem a ser felizes e com esses sorrisos lindos ğŸ˜€ğŸ˜˜
Amo-vos muito â¤ï¸â¤ï¸ https://t.co/yqEmvL3S4l",8482,2713,242929,625,0
65,{'media_keys': ['3_1531701381467357189']},155659213,2022-05-31 18:17:23+00:00,[1531701387461115905],1.5317E+18,und,ğŸ‡µğŸ‡¹ğŸ’ªğŸ½ https://t.co/xhLBavXwWW,12784,4649,349530,507,0
66,{'media_keys': ['13_1530492958872592384']},155659213,2022-05-28 18:00:00+00:00,[1530609852535476227],1.53061E+18,en,"Surpriseâ€¦! Follow all your team updates with @LiveScore, download the app and donâ€™t miss any action!

https://t.co/4lzGWzFyYH https://t.co/gI9NXGH9je",2734,2351,43018,283,0
67,{'media_keys': ['3_1526283152909647872']},155659213,2022-05-16 19:27:16+00:00,[1526283157447880705],1.52628E+18,en,Recovery time with my boy ğŸ§ŠğŸ¥¶ğŸ’ªğŸ½ https://t.co/gHDbT8gEWY,24950,9346,628704,3579,0
68,{'media_keys': ['3_1524810265879011329']},155659213,2022-05-12 17:54:32+00:00,[1524810270643736578],1.52481E+18,en,"My 2nd Premier League Player Of The Month Award, the 6th in my career. Iâ€™m as happy to win today as I was in my early days, the hunger for victory and achievements never fades away. Thanks to everyone that made this possible. ğŸ™ğŸ½ğŸ’ªğŸ½ https://t.co/euYaSsHlBG",22245,6491,333178,1708,0
69,{'media_keys': ['3_1523611764566462464']},155659213,2022-05-09 10:32:07+00:00,[1523611770044051456],1.52361E+18,en,Always good to be with my Broâ€™s ğŸ™ğŸ½ https://t.co/dJzhCPe1ZD,13152,5267,423536,685,0
70,{'media_keys': ['13_1521440895287152640']},155659213,2022-05-03 17:00:01+00:00,[1521535057348997121],1.52154E+18,en,"Download the @LiveScore app and never miss any of my goals

https://t.co/4lzGWzFyYH https://t.co/yO0aCNWrsp",4238,2498,73409,240,0
71,{'media_keys': ['3_1520339980916301824']},155659213,2022-04-30 09:51:13+00:00,[1520339985559347202],1.52034E+18,en,Forever Loveâ€¦â¤ï¸ğŸ™ğŸ½ https://t.co/x18W34rYRM,85095,18558,2002143,5693,0
72,"{'media_keys': ['3_1519782731831562246', '3_1519782731835744256']}",155659213,2022-04-28 20:56:55+00:00,[1519782738076831744],1.51978E+18,en,"Thanks for the support in Old Trafford tonight. As always, our fans were amazing in their effort to help the team.ğŸ™ğŸ½ https://t.co/Xc9pJBIJUI",22234,6599,341316,1398,0
73,{'media_keys': ['3_1517900885111812096']},155659213,2022-04-23 16:19:07+00:00,[1517900888312061952],1.5179E+18,und,â¤ï¸ https://t.co/HLg0RbI8SM,105331,16690,1651756,6326,0
74,{'media_keys': ['3_1516120146007531523']},155659213,2022-04-18 18:23:06+00:00,[1516120150533095432],1.51612E+18,zxx,https://t.co/vRNVCoegOW,170592,89326,1894597,51186,0
75,{'media_keys': ['3_1515698108742742018']},155659213,2022-04-17 14:26:05+00:00,[1515698113582927874],1.5157E+18,en,30 hat-tricks before 30 and 30 hat-tricks after 30. Itâ€™s time to unbalance the scale! ğŸ’ªğŸ½ https://t.co/McgGZBmzyh,67885,12556,753289,7757,0
76,{'media_keys': ['3_1512160799825014786']},155659213,2022-04-07 20:10:05+00:00,[1512160805634166784],1.51216E+18,en,"Work hard, focus on the everyday goals, enjoy the moments with your friends. Great training session with my boy Dalot! Keep fighting!ğŸ’ªğŸ½ https://t.co/EQiibUQPA9",12610,4969,251910,660,0
77,{'media_keys': ['3_1510607449128112134']},155659213,2022-04-03 13:17:37+00:00,[1510607454505209861],1.51061E+18,en,Family is everything â¤ï¸ğŸ™ğŸ½ #proud https://t.co/NvmhtMdnpx,19535,6558,416661,1620,0
78,{'media_keys': ['3_1509106121797210117']},155659213,2022-03-30 09:51:53+00:00,[1509106128340373510],1.50911E+18,pt,"Os anos passam, mas os objetivos continuam sempre os mesmoâ€¦ğŸ‡µğŸ‡¹ğŸ’ªğŸ½ https://t.co/PBn6m0546M",17571,5114,317701,995,0
79,{'media_keys': ['3_1507758292042489857']},155659213,2022-03-26 16:36:06+00:00,[1507758300716277762],1.50776E+18,und,ğŸ‡µğŸ‡¹â¤ï¸ https://t.co/uftmiwG7oj,17403,5214,379703,784,0
80,{'media_keys': ['7_1507505254845272068']},155659213,2022-03-26 09:00:02+00:00,[1507643527760527360],1.50764E+18,en,"Had a fun day with @LiveScore.

Download the LiveScore app to see what we filmed  

https://t.co/IWWuMJJ0J5 https://t.co/s6na0hFqQ1",4500,2119,75623,306,0
81,{'media_keys': ['3_1507129922132881410']},155659213,2022-03-24 22:59:10+00:00,[1507129927598067714],1.50713E+18,pt,"EstÃ¡ dado o primeiro passo rumo ao nosso grande objectivo, rumo ao Mundial 2022. Nada estÃ¡ ganho, nada estÃ¡ alcanÃ§ado. Temos de continuar a trabalhar de forma sÃ©ria e focada, respeitando o adversÃ¡rio mas acreditando sempre nas nossas capacidades. ForÃ§a Portugal! Rumo ao Catar! ğŸ’ªğŸ½ https://t.co/TO8IFKcC9v",13277,3571,187576,925,0
82,{'media_keys': ['3_1505216486016790535']},155659213,2022-03-19 16:15:54+00:00,[1505216503507034112],1.50522E+18,en,Happy fatherâ€™s day to allğŸ‘ğŸ½â¤ï¸ğŸ™ğŸ½ #prouddad #blessed #love https://t.co/4vWvMA3Nnl,17591,5070,397667,1153,0
83,"{'media_keys': ['3_1503426060934959111', '3_1503426060934946829']}",155659213,2022-03-14 17:41:21+00:00,[1503426067494846468],1.50343E+18,en,"We are Man. United! Letâ€™s do this together! Letâ€™s go, Devils! ğŸ™ğŸ½ğŸ’ªğŸ½ https://t.co/tyVGsnCyHh",20302,6165,326894,1800,0
84,{'media_keys': ['3_1502947135309979653']},155659213,2022-03-13 09:58:16+00:00,[1502947140808716289],1.50295E+18,en,Always a pleasure and a privilege to share some thoughts and ideas with another GOATâ€¦ ğŸ‘ğŸ½ğŸ‘ŠğŸ½ https://t.co/HsFe7UxjQ6,42297,8130,585049,6043,0
85,{'media_keys': ['3_1498703680517947393']},155659213,2022-03-01 16:56:17+00:00,[1498703685991514113],1.4987E+18,en,Keep working ğŸ’ªğŸ½ https://t.co/a9juDBFehE,14099,6515,318828,1046,0
86,"{'media_keys': ['3_1496201699547131917', '3_1496201699555479552']}",155659213,2022-02-22 19:14:19+00:00,[1496201706434088961],1.4962E+18,en,Getting ready for the return of the biggest club competition in the world. Letâ€™s go! ğŸ™ğŸ½ğŸ’ªğŸ½ https://t.co/Z31aUAio40,15377,5963,268321,1255,0
87,"{'media_keys': ['3_1495461019505901575', '3_1495461019522670600']}",155659213,2022-02-20 18:11:07+00:00,[1495461025570861065],1.49546E+18,en,Very important Premier League win before we change our focus to the Champions League and head to Madrid. Back on track! We stand United!ğŸ’ªğŸ½ https://t.co/1H6mrVqTt2,15004,3983,236008,689,0
88,{'media_keys': ['3_1493711986579935233']},155659213,2022-02-15 22:21:05+00:00,[1493711992510681096],1.49371E+18,en,"Back on track! Nobody gives up and thereâ€™s only one way to get back on track: hard work, team work, serious work. Everything else is just noise. Letâ€™s go Devils!ğŸ”´âš«ï¸ğŸ’ªğŸ½ https://t.co/u8sZzzJQn5",34918,8599,361299,3886,0
89,{'media_keys': ['3_1492211697213394945']},155659213,2022-02-11 18:59:28+00:00,[1492211702175256582],1.49221E+18,en,Focus ğŸ”´âš«ï¸ ğŸ™ğŸ½ #mufc https://t.co/XEgTuREPKO,13531,4781,297804,944,0
90,{'media_keys': ['3_1491442384147820546']},155659213,2022-02-09 16:02:29+00:00,[1491442389382471680],1.49144E+18,en,"Children are and will always be the best thing the world has to offer, and we must protect them at all costs. Supporters are and will always be the best in football, and we must respect everything they face and endure for their clubs.ğŸ™ŒğŸ½ğŸ‘ŠğŸ½ https://t.co/DZ7wcseTHd",29040,5322,410194,1625,0
91,{'media_keys': ['3_1490095464653414403']},155659213,2022-02-05 22:50:38+00:00,[1490095552243109892],1.4901E+18,en,"Life is a roller coaster. Hard work, high speed, urgent goals, demanding expectationsâ€¦ But in the end, it all comes down to family, love, honesty, friendship, values that make it all worth it. Thanks for all the messages! 37 and counting! â¤ï¸ğŸ™ğŸ½ https://t.co/AoUgFiqVEy",33752,11248,462078,4982,0
92,"{'media_keys': ['3_1487762533687648257', '3_1487762533712908292']}",155659213,2022-01-30 12:20:05+00:00,[1487762541195542532],1.48776E+18,en,Present and future ğŸ˜€ğŸ’ªğŸ½ https://t.co/Cr6z0VNQmI,49386,7783,633990,3610,0
93,{'media_keys': ['3_1487357446607851522']},155659213,2022-01-29 09:30:33+00:00,[1487357487867215874],1.48736E+18,en,Thanks for everything @dubai ğŸ‘ğŸ½ #alwaystogether https://t.co/2B7bFJODwA,16089,4299,294244,638,0
94,{'media_keys': ['7_1487185402888871942']},155659213,2022-01-28 22:06:56+00:00,[1487185450871803909],1.48719E+18,en,Thrilled to join the football gaming revolution with @UFLgame bringing the new #fairtoplay experience to football gamers worldwide! See you in the Game soon! https://t.co/RwhgcrRotJ,4768,1703,69490,301,0
95,{'media_keys': ['3_1486340683149582345']},155659213,2022-01-26 14:10:09+00:00,[1486340689298403332],1.48634E+18,en,Proud Dad â¤ï¸ğŸ™ğŸ½ https://t.co/v8gw3KVyqM,21705,6603,518486,1675,0
96,{'media_keys': ['3_1485971725909176322']},155659213,2022-01-25 13:44:03+00:00,[1485971731697344518],1.48597E+18,en,Enjoy the view ğŸ˜ https://t.co/w78enMjxPH,18048,6688,391166,2710,0
97,"{'media_keys': ['3_1483931773641887746', '3_1483931773637734405']}",155659213,2022-01-19 22:38:01+00:00,[1483931781938221061],1.48393E+18,en,3 important points! well done lads ğŸ’ªğŸ½ğŸ‘ğŸ½ https://t.co/nzPNhrdIAi,14894,4776,254983,757,0
98,{'media_keys': ['3_1483076469018570758']},155659213,2022-01-17 13:59:21+00:00,[1483076476996136961],1.48308E+18,en,The winners areâ€¦. ğŸ¤·ğŸ½â€â™‚ï¸ğŸ˜… ğŸ’ªğŸ½ https://t.co/7uvKYEyKoC,15346,6342,323553,3866,0
99,{'media_keys': ['3_1480863409390424065']},155659213,2022-01-11 11:25:30+00:00,[1480863436292694025],1.48086E+18,en,Good morning ğŸƒğŸ»â€â™‚ï¸â˜€ï¸ğŸ˜€ https://t.co/SHjiA8NbCX,19450,10014,504803,2975,0
0,{'media_keys': ['3_1609251581538476038']},158487331,2022-12-31 18:14:11+00:00,[1609251586458456064],1.60925E+18,pt,"Um ano de muito aprendizado. 
Valeu 2022 ğŸ‘‹ğŸ½ https://t.co/H8qHbNwi8F",14315,5277,293190,1205,9696023
0,{'media_keys': ['3_1527673589788512257']},158487331,2022-05-20 15:32:22+00:00,[1527673593500409857],1.52767E+18,pt,"SerÃ¡ que foram os HS de ontem ğŸ¤”
Help meeeeee ğŸ˜‚ğŸ¤£ PLEASE !! 
@PUBG_BR https://t.co/MHyKIkbGZJ",14315,5277,293190,1205,9696023
1,{'media_keys': ['3_1608168670122893314']},158487331,2022-12-28 18:31:06+00:00,[1608168679484669952],1.60817E+18,pt,Que Deus nos abenÃ§oe e nos proteja ğŸ™â¤ï¸ https://t.co/GOx3gMz101,10547,4625,246530,1062,9779908
1,{'media_keys': ['13_1526575852770758656']},158487331,2022-05-17 14:51:38+00:00,[1526576181918814215],1.52658E+18,pt,"JÃ¡ estou com o Ã¡lbum na mÃ£o, e vocÃª?
Bora comeÃ§ar a coleÃ§Ã£o Nossa SeleÃ§Ã£o Rumo ao Qatar 2022.
SÃ³ chegar na @LojaPanini ! https://t.co/jEL5IW6EMe",10547,4625,246530,1062,9779908
2,,158487331,2022-12-27 21:22:43+00:00,[1607849482317860864],1.60785E+18,pt,"Gkay, tudo passa â€¦ 
Fica bem â¤ï¸",7196,19780,277166,26858,42664766
2,{'media_keys': ['13_1525135941546958848']},158487331,2022-05-13 15:36:19+00:00,[1525137874705866756],1.52514E+18,pt,"Este ano Ã© aniversÃ¡rio de 20 anos do Penta. EntÃ£o bora comeÃ§ar a torcida com o Ã¡lbum Nossa SeleÃ§Ã£o Rumo ao Qatar 2022, com dezenas de figurinhas incrÃ­veis e atÃ© cromos autografados por mim em alguns pacotinhos. JÃ¡ nas bancas e na @LojaPanini .
#OPaiTÃ¡Pronto #Qatar2022 #ad https://t.co/ZpK8SVcaXc",7196,19780,277166,26858,42664766
3,"{'media_keys': ['3_1607727903772393472', '3_1607727903759794179', '3_1607727903780864000']}",158487331,2022-12-27 13:19:38+00:00,[1607727910344876032],1.60773E+18,und,âœ‹ğŸ½ğŸ˜ğŸ¤šğŸ½ https://t.co/2FAgE9GJko,19128,6252,403132,2267,20494200
3,{'media_keys': ['7_1523672499304779777']},158487331,2022-05-09 14:34:29+00:00,[1523672762216488960],1.52367E+18,pt,"Tem @neymarjr pra todo mundo no novo Ã¡lbum Nossa SeleÃ§Ã£o Rumo ao Qatar. #OPaiTÃ¡Pronto
Confira em @TorcidaPanini https://t.co/DidgsPLbzR",19128,6252,403132,2267,20494200
4,{'media_keys': ['3_1605883610397134848']},158487331,2022-12-22 11:11:04+00:00,[1605883615518375936],1.60588E+18,en,Morning ğŸ˜´ https://t.co/Yez9fL2RuU,28543,10585,777087,3304,31940609
4,"{'media_keys': ['3_1522581611656720385', '3_1522581611660947456', '3_1522581611656761359', '3_1522581611681828868']}",158487331,2022-05-06 14:18:40+00:00,[1522581616803123201],1.52258E+18,en,"Thank you for the great launch event yesterday in Berlin! I am happy to be part of the @eGO_Mobile_SE family and, of course, to unveil the new fully electric and sustainable e.wave X. https://t.co/oqyYklJhAp",28543,10585,777087,3304,31940609
5,{'media_keys': ['3_1604552022786801667']},158487331,2022-12-18 18:59:49+00:00,[1604552030541996034],1.60455E+18,es,Felicidades Hermano ğŸ‘ğŸ½ #leomessi https://t.co/5XClpQf15y,287924,24629,2648740,19222,53939701
5,{'media_keys': ['3_1521520659414888449']},158487331,2022-05-03 16:04:27+00:00,[1521521075133337601],1.52152E+18,en,"I'm thrilled about my new partnership with @eGO_Mobile_SE from Germany!
e.GO is building uniquely innovative electric cars which are sustainable and also lot of fun to drive (yes, I have tried it!).
And by the way â€¦ I will reveal the new model e.wave X on Thursday in Berlin.
#ad https://t.co/ZPXnyn5q9M",287924,24629,8740,19222,53939701
6,{'media_keys': ['3_1601208425928589315']},158487331,2022-12-09 13:33:33+00:00,[1601208431272419328],1.60121E+18,pt,Que Deus nos abenÃ§oe e nos proteja ğŸ™â¤ï¸ğŸ‡§ğŸ‡· https://t.co/0VMA5AJqtb,37139,22463,520683,5700,0
6,,158487331,2022-04-29 17:18:36+00:00,[1520090185517735938],1.52009E+18,pt,"Que Deus nos abenÃ§oe e nos proteja ğŸ™ğŸ½â¤ï¸âš½ï¸

https://t.co/FCSBrBpI1L

#triller @triller",37139,22463,520683,5700,0
7,{'media_keys': ['3_1599924102663397377']},158487331,2022-12-06 00:30:07+00:00,[1599924108284006400],1.59992E+18,pt,"Grito de desabafo, grito de EU CONSEGUI!! 
OBRIGADO MEU DEUS ğŸ™â¤ï¸
Toda honra e toda glÃ³ria Ã© pra ti. https://t.co/Ci1NgkKiDu",31267,7713,422120,2706,0
7,,158487331,2022-04-27 18:26:09+00:00,[1519382409665462272],1.51938E+18,pt,"Scooby e PA = Neymar jr e Gabriel Medina â€œse tornam crianÃ§as quando estÃ£o juntosâ€ ğŸ¤£
Quem conhece sabe ğŸ¤£ğŸ¤£ğŸ¤£ğŸ¤£ğŸ¤£ğŸ¤£

@gabriel1medina",31267,7713,422120,2706,0
8,{'media_keys': ['3_1599908946965417991']},158487331,2022-12-05 23:29:53+00:00,[1599908951730319362],1.59991E+18,pt,Deus ğŸ™ https://t.co/UvxW9dIi3R,52484,10428,723455,3877,0
8,,158487331,2022-04-27 13:54:41+00:00,[1519314091277496321],1.51931E+18,pt,Quem nÃ£o se emocionou ou nÃ£o se arrepiou com o Tadeu cheio de lÃ¡grimas nos olhosâ€¦ boa pessoa nÃ£o Ã© ğŸ¤£,52484,10428,723455,3877,0
9,{'media_keys': ['3_1599811418462846977']},158487331,2022-12-05 17:02:21+00:00,[1599811427237519360],1.59981E+18,pt,Que Deus nos abenÃ§oe e nos proteja ğŸ™â¤ï¸ğŸ‡§ğŸ‡· https://t.co/EjdiDM1VSq,32672,10958,382125,5130,0
9,,158487331,2022-04-27 13:49:35+00:00,[1519312808143376384],1.51931E+18,pt,"Vi a final do bbb hoje de manhÃ£ e confesso que quando o Tadeu fez o discurso e falou â€œÃ© impossÃ­vel nÃ£o reconhecer o sacrifÃ­cio que vocÃª fez, para um atleta de ponta ficar afastadoâ€¦â€ eu fui aos prantos junto com o PA â¤ï¸",32672,10958,382125,5130,0
10,"{'media_keys': ['3_1599133248558350337', '3_1599133248558342144']}",158487331,2022-12-03 20:07:33+00:00,[1599133254774575105],1.59913E+18,en,"I feel good, I knew that I would now 
âœ‹ğŸ½ğŸ˜œğŸ¤šğŸ½ https://t.co/LpJ3BZJaU9",36309,10749,457278,8956,0
10,"{'media_keys': ['3_1518993357690843139', '3_1518993357682393090', '3_1518993357686587392']}",158487331,2022-04-26 16:40:25+00:00,[1518993410107052034],1.51899E+18,en,"In my role as https://t.co/IzHYTclXUk Cultural Ambassador,I'm excited to be working with inspiring artists across the globe to shake things up for the community.Find out more about the Cultural Collective and what's new at https://t.co/Z5CLaqGAtX #ImIn #PSxNJR #CulturalCollective https://t.co/W0WwgeYLbW",36309,10749,457278,8956,0
11,,158487331,2022-11-28 18:47:44+00:00,[1597301230107525120],1.5973E+18,pt,Casemiro Ã© o melhor volante do mundo hÃ¡ muito tempo,54074,13886,703331,5471,0
11,{'media_keys': ['13_1518933682341523457']},158487331,2022-04-26 12:47:18+00:00,[1518934746897788930],1.51893E+18,pt,"Bora comeÃ§ar o aquecimento com o Ã¡lbum Nossa SeleÃ§Ã£o Rumo ao Qatar 2022 da @TorcidaPanini , com tudo sobre os jogadores que disputam uma vaga pra brilhar na Copa pelo Brasil e figurinhas autografadas por mim.
JÃ¡ nas bancas e na Loja Panini
#OPaiTÃ¡Pronto #Qatar2022 #OPaiTÃ¡Pronto https://t.co/KiPxQ7Ey1c",54074,13886,703331,5471,0
12,"{'media_keys': ['3_1595945038479065088', '3_1595945038499954688']}",158487331,2022-11-25 00:58:44+00:00,[1595945042966880256],1.59595E+18,pt,"Jogo difÃ­cil, mas era importante ganhar. 
ParabÃ©ns equipe, primeiro passo dadoâ€¦ 
Faltam 6 ğŸ’™ğŸ’šğŸ’›ğŸ‡§ğŸ‡· https://t.co/vNQXljRz3e",28267,18586,538444,2747,0
12,{'media_keys': ['3_1518028868459843585']},158487331,2022-04-24 00:47:42+00:00,[1518028875493777408],1.51803E+18,en,CAMPEONES ğŸ† https://t.co/K78Ne5Aunb,28267,18586,538444,2747,0
13,{'media_keys': ['3_1595823071335694339']},158487331,2022-11-24 16:54:05+00:00,[1595823077350318081],1.59582E+18,pt,Que Deus nos abenÃ§oe e nos proteja ğŸ™ğŸ’™ğŸ’šğŸ’› https://t.co/AWxskKBMoo,42656,14970,498523,6297,0
13,,158487331,2022-04-23 17:31:58+00:00,[1517919218854998016],1.51792E+18,pt,"Que Deus nos abenÃ§oe e nos proteja ğŸ™ğŸ½â¤ï¸âš½ï¸

https://t.co/jZarRwGPS5

#triller @triller",42656,14970,498523,6297,0
14,"{'media_keys': ['3_1595489764630732800', '3_1595489764634988557', '3_1595489764634988547']}",158487331,2022-11-23 18:49:38+00:00,[1595489769051590661],1.59549E+18,pt,"Sonhar, almejar e colocar seu objetivo como prioridade nÃ£o Ã© menosprezo ao seus rivais e sim uma meta pra vocÃª ir em busca. 
AmanhÃ£ comeÃ§a ğŸ”¥
Vamo que vamo ğŸ‡§ğŸ‡· https://t.co/ekY2m4U5c9",28715,11000,333441,5948,0
14,,158487331,2022-04-22 15:16:38+00:00,[1517522776285921280],1.51752E+18,pt,To contigo! ğŸ”¥ğŸ‘ŠğŸ½ https://t.co/y9OljomPcu,28715,11000,333441,5948,0
15,{'media_keys': ['7_1591852706901245954']},158487331,2022-11-13 17:57:24+00:00,[1591852745560047622],1.59185E+18,en,"Check out my NFT collection and become part of my web3 community.

Go to https://t.co/jSJoHiht1m https://t.co/KAP9eerz2u",453,523,13297,65,0
15,,158487331,2022-04-17 17:03:17+00:00,[1515737676393197576],1.51574E+18,pt,"Que Deus nos abenÃ§oe e nos proteja ğŸ™ğŸ½â¤ï¸âš½ï¸

https://t.co/cIIKpAf4v0

#triller @triller",453,523,13297,65,0
16,,158487331,2022-11-13 08:41:11+00:00,[1591712767777865728],1.59171E+18,pt,"Tava tudo conspirando pra dar bom â€¦. 
Major no brasil 
Torcida incrÃ­vel
Gau narrando
FÃºria jogando muito

Que tristeza ğŸ˜",1624,1544,69936,260,0
16,,158487331,2022-04-09 17:50:35+00:00,[1512850474483044359],1.51285E+18,pt,"Que Deus nos abenÃ§oe e nos proteja ğŸ™ğŸ½â¤ï¸âš½ï¸

https://t.co/SlJf1FXRTl

#triller @triller",1624,1544,69936,260,0
17,,158487331,2022-11-13 08:33:00+00:00,[1591710710782124032],1.59171E+18,pt,"fui dormir com a fÃºria ganhando e acordei com a fÃºria eliminadaâ€¦ que tristeza! 
GG molecada ğŸ˜",909,827,54343,230,0
17,,158487331,2022-04-07 16:38:02+00:00,[1512107442099871755],1.51211E+18,pt,"Falta vocÃª â¤ï¸ @thiaguinhocomth 

https://t.co/MickdUDdAL

#triller @triller",909,827,54343,230,0
18,,158487331,2022-11-12 23:00:05+00:00,[1591566528985829376],1.59157E+18,pt,VOU TORCER PRA FÃšRIA SER CAMPEAOOOOOOOOâ€¦.,5430,1943,96298,1243,0
18,,158487331,2022-04-03 17:04:03+00:00,[1510664439795785731],1.51066E+18,pt,"Que Deus nos abenÃ§oe e nos proteja â¤ï¸ğŸ™ğŸ½âš½ï¸

https://t.co/FhoHceTapq

#triller @triller",5430,1943,96298,1243,0
19,,158487331,2022-11-12 00:48:07+00:00,[1591231328464388099],1.59123E+18,en,"S1mple my Friend this is BRAZIL ğŸ”¥
U are a legend ğŸ‘ğŸ½
GG",8262,1477,184096,687,0
19,{'media_keys': ['7_1509860821597409303']},158487331,2022-04-01 11:50:51+00:00,[1509860841780359172],1.50986E+18,en,"Selfie Time ğŸ† 
https://t.co/BMmnflFiMb https://t.co/iYtCaJeKNr",8262,1477,184096,687,0
20,,158487331,2022-11-12 00:46:28+00:00,[1591230913756934144],1.59123E+18,pt,Next @FURIA  jogaram muito ğŸ‘ğŸ½,1831,342,48627,100,0
20,,158487331,2022-04-01 07:33:36+00:00,[1509796102916165663],1.5098E+18,pt,"Passando aqui pra deixar minha energia positiva ao RODRIGO MUSSI! 
ForÃ§a guerreiro ğŸ™ğŸ½",1831,342,48627,100,0
21,,158487331,2022-11-12 00:43:56+00:00,[1591230278751883265],1.59123E+18,pt,"DROP â€¦. Eu te moleque ğŸ‘ğŸ½ğŸ‘ğŸ½ğŸ‘ğŸ½
Jogou muito",2635,775,66853,367,0
21,{'media_keys': ['3_1507888978984378372']},158487331,2022-03-27 01:15:23+00:00,[1507888984080498695],1.50789E+18,en,Be your hero https://t.co/4DzpdZWx8h,2635,775,66853,367,0
22,{'media_keys': ['3_1591174803838435343']},158487331,2022-11-11 21:03:31+00:00,[1591174808855023616],1.59117E+18,es,DÃA DE FURIA https://t.co/ZJO6oECpuW,4262,1134,118581,456,0
22,,158487331,2022-03-24 21:30:05+00:00,[1507107508409753604],1.50711E+18,pt,"Que Deus nos abenÃ§oe e nos proteja ğŸ™ğŸ½â¤ï¸ğŸ‡§ğŸ‡·

#triller @triller 

https://t.co/UZP3ZthHkA",4262,1134,118581,456,0
23,,158487331,2022-11-11 20:49:20+00:00,[1591171238852165632],1.59117E+18,es,que clima no major #DIADEFURIA,2303,585,52219,142,0
23,,158487331,2022-03-23 14:59:55+00:00,[1506646931073814532],1.50665E+18,en,Pretty fun. Look forward to my NFT release soonâ€¦ @THENFTSTAR https://t.co/IcCrf0M24o,2303,585,52219,142,0
24,{'media_keys': ['3_1591113968021553153']},158487331,2022-11-11 17:01:47+00:00,[1591113973054771201],1.59111E+18,en,"Me always a BEAST. #beastmode #bayc @THENFTSTAR, @BoredApeYC https://t.co/BZooxufaQH",1325,577,26838,95,0
24,,158487331,2022-03-23 02:33:43+00:00,[1506459146417328128],1.50646E+18,pt,Eslo tÃ¡ no meio da LaÃ­s e do Elieser â€¦ e agora? ğŸ‘€,1325,577,26838,95,0
25,{'media_keys': ['7_1590374599400857608']},158487331,2022-11-09 16:07:22+00:00,[1590375505689448449],1.59038E+18,en,"2 more days until mint day, be ready for Ep 01. 

Live stream:
Wen: 3pm UTC, Nov 11th
Where: https://t.co/TgVnv9UUsG

Twitter Space: 
Wen: 2:30pm UTC, Nov 11th
Where: enter from @thenftstar Twitter account

HUMAN mint start from 2pm UTC, Nov 11
Go to https://t.co/mIV2zKgTI4 NOW! https://t.co/cRqhchU256",306,345,7400,16,0
25,,158487331,2022-03-16 18:18:58+00:00,[1504160307916288016],1.50416E+18,pt,"Ao vivo lÃ¡ no @FacebookGaming !
Vem comigo.

https://t.co/i5qhHFwlh5
https://t.co/i5qhHFwlh5
https://t.co/i5qhHFwlh5",306,345,7400,16,0
26,{'media_keys': ['3_1590061307511939072']},158487331,2022-11-08 19:20:36+00:00,[1590061746324385793],1.59006E+18,pt,"Fala galera, to chegando com as skins mais brabas do @PUBG !
Foi incrÃ­vel poder participar do processo de criaÃ§Ã£o pra deixar tudo com a minha cara.
Espero q vcs curtam, comentem aÃ­ o que acharam. https://t.co/AFRUpib2MO",539,724,18934,56,0
26,,158487331,2022-03-16 13:30:08+00:00,[1504087622242738180],1.50409E+18,es,Eslo segue eliminando ğŸ¤£ğŸ¤£,539,724,18934,56,0
27,,158487331,2022-11-08 18:11:47+00:00,[1590044426419998720],1.59004E+18,qht,#GAULESNAARENA https://t.co/85G0wiksQB,713,288,18544,48,0
27,,158487331,2022-03-09 18:24:34+00:00,[1501625006123630593],1.50163E+18,pt,"Que Deus nos abenÃ§oe e nos proteja â¤ï¸ğŸ™ğŸ½

https://t.co/HN03smVOIA

#triller @triller",713,288,18544,48,0
28,,158487331,2022-11-06 15:48:26+00:00,[1589283575115182081],1.58928E+18,pt,SÃ³ quis ressaltar a festa linda que a galera estÃ¡ fazendo no MAJOR!,6844,3769,156060,742,0
28,{'media_keys': ['3_1501337858640158724']},158487331,2022-03-08 23:23:35+00:00,[1501337866416185351],1.50134E+18,pt,"Se eu estivesse no paredÃ£o, sentaria bem longe ğŸ¤£ğŸ¤£ğŸ¤£ğŸ¤£ https://t.co/MvYzfGL4e8",6844,3769,156060,742,0
29,,158487331,2022-11-06 15:47:30+00:00,[1589283339655344128],1.58928E+18,pt,"VocÃªs levam tudo ao pÃ© da letraâ€¦ jÃ¡ falei em entrevistas e pra algumas pessoas pessoalmente.
Eu sou ZERO ansioso pra qualquer tipo de coisa.
Copa Ã© importante? Ã³bvio q Ã© .. SEMPRE FOI MEU SONHO GANHAR UMA! 
Agora nÃ£o vem me criticar dizendo que nÃ£o estou nem aÃ­, pq Ã± Ã© verdade!",1106,2181,48435,1321,0
29,,158487331,2022-03-08 23:01:31+00:00,[1501332314470637571],1.50133E+18,pt,"Queria assistir o paredÃ£o mas hoje nÃ£o vai dar nÃ£o â€¦ 
Mais vou deixar uma pergunta aqui.
SerÃ¡ que a Eslo vai sentar do lado da jade? ğŸ‘€
Porque ela tÃ¡ invicta ğŸ¤£ nÃ£o perdeu uma ainda ğŸ¤£ğŸ¤£ğŸ¤£ğŸ¤£

Boa noite, fui ğŸ¤ŸğŸ½
GG ğŸ­",1106,2181,48435,1321,0
30,,158487331,2022-11-06 08:52:31+00:00,[1589178908208832512],1.58918E+18,pt,"NÃ£o tem como nÃ£o se emocionar! 
Arrepia demais ğŸ‘ğŸ½ https://t.co/nv9KwXeaDS",2454,825,63153,172,0
30,,158487331,2022-03-05 18:10:51+00:00,[1500171998873403396],1.50017E+18,pt,"Que Deus nos abenÃ§oe e nos proteja ğŸ™ğŸ½â¤ï¸âš½ï¸

https://t.co/z1gWYOW1r7

#triller @triller",2454,825,63153,172,0
31,,158487331,2022-11-06 08:40:53+00:00,[1589175977141157889],1.58918E+18,pt,"Bom dia! 
Eu nÃ£o estava ansioso pra copa nÃ£oâ€¦ atÃ© ver a reaÃ§Ã£o da torcida no MAJOR do rio ğŸ‘ğŸ½ que festa, que clima 
#VamoFuria",8306,5603,191821,1997,0
31,{'media_keys': ['7_1497646579418861574']},158487331,2022-02-26 18:55:52+00:00,[1497646615951204352],1.49765E+18,pt,"Que Deus nos abenÃ§oe e nos proteja ğŸ™ğŸ½âš½ï¸

https://t.co/1j79uH28BY

#triller @triller https://t.co/ZkqSnL4qqX",8306,5603,191821,1997,0
32,{'media_keys': ['3_1588579490162147329']},158487331,2022-11-04 17:10:40+00:00,[1588579494625177601],1.58858E+18,en,"Every squadmate needs an attacker. Iâ€™m coming to @CallofDuty !#CoDPartner 

#Warzone2 #ModernWarfare2 #CODMobile https://t.co/T2P1i8hmcQ",2713,1560,58207,281,0
32,,158487331,2022-02-23 18:31:18+00:00,[1496553270134910979],1.49655E+18,pt,"Ontem fui visitar a loja da Replay em Paris ğŸ¤©
@REPLAY 
https://t.co/Hvt8YuLzYN

#triller @triller",2713,1560,58207,281,0
33,,158487331,2022-11-01 16:18:07+00:00,[1587479105708204036],1.58748E+18,pt,"Mas acho que vocÃªs tem razÃ£o.
Meu emocional Ã© fraco e sou pipoqueiro ğŸ˜­ğŸ˜
#ironia",7375,32272,179140,20810,0
33,,158487331,2022-02-19 18:16:44+00:00,[1495100049960968201],1.4951E+18,pt,"Que Deus nos abenÃ§oe e nos proteja ğŸ™ğŸ½âš½ï¸

https://t.co/Inc6LTWICX
#triller @triller",7375,32272,179140,20810,0
34,,158487331,2022-11-01 16:16:02+00:00,[1587478583542517767],1.58748E+18,pt,"E a galera falando que nÃ£o tenho emocional sÃ³ porque eu respondi uma qualquer ğŸ˜‚ğŸ˜‚ğŸ˜‚ğŸ˜‚
Cada uma viu ğŸ˜‚ğŸ˜‚ğŸ˜‚ğŸ˜‚ pqp ğŸ¤¬",7585,40248,233993,18850,0
34,{'media_keys': ['3_1493652696766857216']},158487331,2022-02-15 18:25:29+00:00,[1493652702194450432],1.49365E+18,pt,Que Deus nos abenÃ§oe e nos proteja ğŸ™ğŸ½âš½ï¸ https://t.co/b3hYC401mC,7585,40248,233993,18850,0
35,{'media_keys': ['13_1587445538466590720']},158487331,2022-11-01 14:06:45+00:00,[1587446047663529985],1.58745E+18,en,"Go #Beastmode !
Check out my new project with @THENFTSTAR and freemint the JungleVibes to win signed jerseys and be on the whitelist for Episode 01: Human Drop - only one more week.
More exciting news on my live stream next week Go to https://t.co/FVE84Rtzue NOW! https://t.co/uAkGXv39Ky",311,540,9700,35,0
35,{'media_keys': ['7_1493228803472175105']},158487331,2022-02-14 14:21:24+00:00,[1493228890428428289],1.49323E+18,und,â¦@zefelipecantorâ© https://t.co/FpFtwMr6JC,311,540,9700,35,0
36,{'media_keys': ['3_1586349264317435904']},158487331,2022-10-29 13:28:33+00:00,[1586349270239948803],1.58635E+18,pt,Que Deus nos abenÃ§oe e nos proteja ğŸ‡§ğŸ‡·ğŸ’™ğŸ’šğŸ’› https://t.co/rGBoFWimEk,12366,9040,153210,1448,0
36,"{'media_keys': ['3_1491064970557239300', '3_1491064970590707713', '3_1491064970645323779', '3_1491064970544664577']}",158487331,2022-02-08 15:02:47+00:00,[1491064976060018697],1.49106E+18,en,Step by step ğŸ”¥ https://t.co/rBVyFENSzc,12366,9040,153210,1448,0
37,{'media_keys': ['3_1585989606205526016']},158487331,2022-10-28 13:39:24+00:00,[1585989610311716864],1.58599E+18,pt,Acredite em si mesmo e Deus mostrarÃ¡ o quanto Ã©s forte ğŸ™ https://t.co/OGE759kZst,24218,11381,257355,4037,0
37,,158487331,2022-02-08 11:45:57+00:00,[1491015440159875074],1.49102E+18,pt,Maria aproveitou a placa pra dar um tapa na testa do Arthur â€¦ se fosse ao contrÃ¡rio ele tava ferrado ğŸ¤£,24218,11381,257355,4037,0
38,{'media_keys': ['7_1585691743940395008']},158487331,2022-10-27 17:56:01+00:00,[1585691803801759744],1.58569E+18,und,ğŸ‡§ğŸ‡· https://t.co/QIT3Fniypw,47533,24206,213911,8982,0
38,,158487331,2022-01-29 19:39:58+00:00,[1487510851376586756],1.48751E+18,pt,"A SÃ©rie D do CS:GO ao vivo lÃ¡ no @FacebookGaming !
Vem acompanhar esse mix resenha dos trapalhÃµes. ğŸ¤ª

https://t.co/2RnpyYoHiF
https://t.co/2RnpyYoHiF
https://t.co/2RnpyYoHiF",47533,24206,213911,8982,0
39,{'media_keys': ['7_1585590300868845570']},158487331,2022-10-27 11:12:58+00:00,[1585590374231408641],1.58559E+18,en,"Itâ€™s not too late. Enter Cadbury FCâ€™s â€˜Win A Worldieâ€™ before the 20th Nov for a chance to win an afternoon with me - https://t.co/xqvsomWhSW

#WinAWorldie #CadburyFC

UK/ROI, 18+, NPN NI &amp; ROI. Closes 16:59 20/11/22. T&amp;Cs apply - see https://t.co/wb7XS9Q9T0 for info &amp; full T&amp;Cs. https://t.co/i5oTj28sUo",234,238,6521,8,0
39,{'media_keys': ['7_1487487089134473216']},158487331,2022-01-29 18:05:47+00:00,[1487487151201783810],1.48749E+18,qme,"https://t.co/5Hjoyr63MA

@FacebookGaming https://t.co/3GzFCuIpLd",234,238,6521,8,0
40,{'media_keys': ['13_1585278073271996418']},158487331,2022-10-26 14:34:03+00:00,[1585278590769324032],1.58528E+18,en,"Watch me escape the Stone Age ğŸ¦•ğŸ‘€
#Ooredoo #5G #UpgradeYourWorld
@OoredooQatar https://t.co/WM7rK1i7lq",438,277,10803,21,0
40,{'media_keys': ['7_1487120816877846531']},158487331,2022-01-28 17:50:21+00:00,[1487120879922384897],1.48712E+18,qme,"https://t.co/5Hjoyr63MA 

#FacebookGaming https://t.co/UzZs5sgY56",438,277,10803,21,0
41,{'media_keys': ['3_1584958460088680448']},158487331,2022-10-25 17:22:45+00:00,[1584958658223697921],1.58496E+18,pt,Que Deus nos abenÃ§oe e nos proteja ğŸ™â¤ï¸ https://t.co/88vGETxNXZ,4006,2055,67318,283,0
41,,158487331,2022-01-25 23:01:26+00:00,[1486112001952829440],1.48611E+18,pt,"""eu lembro daquele dia e passa um filme na cabeÃ§a"" quem nunca? ğŸ¤£ Obrigado a todo mundo que vive comigo o caos perfeito ğŸ”¥ğŸ¡. Ainda tem muita coisa pela frente! Haha Obrigado @NetflixBrasil  #NeymarCaosPerfeito",4006,2055,67318,283,0
42,"{'media_keys': ['7_1584555150886281216', '7_1584555150852628483']}",158487331,2022-10-24 14:39:32+00:00,[1584555193420910593],1.58456E+18,en,"Join me in the #Beastmode, BEAST INSIDE, GAME ON!
Freemint JungleVIBES NFT for a LIMITED TIME, dive into the Episodes at https://t.co/SDSLXxQr57  and get ready for the Meet &amp; Greet.
#Beastmode #NFT
@THENFTSTAR https://t.co/BgIMkp43UI https://t.co/dnuOVvzDWW",1148,1819,9275,553,0
42,,158487331,2022-01-25 21:30:31+00:00,[1486089121105956868],1.48609E+18,pt,AÃ­ @NetflixBrasil o PAI TÃ ON demais ğŸ¤©ğŸ¤©ğŸ˜‚ğŸ˜‚ tmj!! #OusadoChegou,1148,1819,9275,553,0
43,{'media_keys': ['3_1584166723783122950']},158487331,2022-10-23 12:55:55+00:00,[1584166729995124736],1.58417E+18,en,"Have you played with my new #mecharenaxneymarjr Pilot yet ?!
Join my #mecharena live stream TODAY and watch me and my team do some major damage !
If you still donâ€™t have my pilot, you can join the FREE #pilotchase at https://t.co/JbYPDXl4Uk and get him after 7 days of log in ! https://t.co/olhCK3mNyH",747,1189,17927,41,0
43,,158487331,2022-01-25 21:00:07+00:00,[1486081473107185677],1.48608E+18,pt,Bora todo mundo assistir junto a minha sÃ©rie na Netflix. Vai comeÃ§ar o tuitaÃ§o!! Que Deus nos abenÃ§oe e nos proteja ğŸ™ğŸ“ºğŸ˜… comentem usando #NeymarNaNetflix,747,1189,17927,41,0
44,{'media_keys': ['7_1583798113466306564']},158487331,2022-10-22 12:31:17+00:00,[1583798143992201216],1.5838E+18,en,"#SouthAfrica, show your football skills at @qatarairways pop up in Sandton City Centre in #Johannesburg on 22nd and 23rd October, for a chance to win exclusive FIFA World Cup packages. 

#Qatar2022 #QatarAirways #FlytoQatar2022 #FIFAWorldCup #WeWillRoQ https://t.co/KVyoNce29q",381,1185,9005,22,0
44,,158487331,2022-01-25 17:00:32+00:00,[1486021179160899591],1.48602E+18,pt,"Hoje Ã© a estreia da minha sÃ©rie Neymar:  o Caos Perfeito na Netflix. Queria convidar geral pra assistir junto e comentar aqui no twitter. SÃ³ dar o play na Netflix Ã s 18h e comentar usando a #NeymarNaNetflix

https://t.co/d7KVLw4ZcU",381,1185,9005,22,0
45,,158487331,2022-10-18 19:55:31+00:00,[1582460386494025728],1.58246E+18,pt,"Benzema merecido ğŸ‘ğŸ½ğŸ‘ğŸ½ craque!! 
Agora o Vini jr estar em 8 nÃ£o dÃ¡ 
ğŸ˜‚ğŸ˜‚ğŸ˜‚ğŸ˜‚ 
MÃ­nimo entre os 3",42722,6841,513826,5096,0
45,,158487331,2022-01-24 23:02:29+00:00,[1485749877183336450],1.48575E+18,pt,O Caos chegou! https://t.co/VbmA6YUOsM,42722,6841,513826,5096,0
46,"{'media_keys': ['3_1581789660816330753', '3_1581789660824702976']}",158487331,2022-10-16 23:30:19+00:00,[1581789666377768962],1.58179E+18,fr,ICI Câ€™EST PARIS ğŸ”¥ https://t.co/f9VFnPRKLP,10568,1567,140226,557,0
46,,158487331,2022-01-21 17:00:15+00:00,[1484571554147151873],1.48457E+18,qht,#NetflixLiberaOCaze,10568,1567,140226,557,0
47,{'media_keys': ['3_1581696413964156928']},158487331,2022-10-16 17:19:47+00:00,[1581696419727290369],1.5817E+18,pt,Que Deus nos abenÃ§oe e nos proteja ğŸ™ https://t.co/j9qb5phetO,4036,1732,69572,289,0
47,,158487331,2022-01-21 12:11:38+00:00,[1484498920969588742],1.4845E+18,en,"My partners in #Community #APE 
â¦@LParedssâ© #Verratti  https://t.co/dCohM8wJmk",4036,1732,69572,289,0
48,{'media_keys': ['3_1580897563926040576']},158487331,2022-10-14 12:25:27+00:00,[1580897570108628993],1.5809E+18,pt,"Sexta de frio e chuva ğŸ˜”

AlguÃ©m aÃ­ gosta de frio? Porque eu nÃ£o ğŸ˜‚ https://t.co/XsOMWmcTKA",3172,2404,89000,511,0
48,{'media_keys': ['3_1484230260476555270']},158487331,2022-01-20 18:24:05+00:00,[1484230264293318663],1.48423E+18,en,I am an ape! #community #art #BoredApeYC https://t.co/iOe3E0H2t6,3172,2404,89000,511,0
49,{'media_keys': ['3_1580543396099379200']},158487331,2022-10-13 12:58:06+00:00,[1580543400511623169],1.58054E+18,pt,"Nova skin para meu Yu Zhong ğŸ˜ 
Ele tÃ¡ on e eu tambÃ©m
#MobileLegendsBangBang https://t.co/1l7h9jDlau",4829,6663,52775,4510,0
49,{'media_keys': ['13_1484182333007613957']},158487331,2022-01-20 17:00:03+00:00,[1484209117195423744],1.48421E+18,pt,"Agora que vou abrir minha vida na minha sÃ©rie ""Neymar: O Caos Perfeito"" na @netflixbrasil , chegou a hora de falar sobre as pÃ©rolas que eu soltei aqui no Twitter! ğŸ¤£ğŸ¤£
#NeymarCaosPerfeito @twittersports https://t.co/oZIhoGBCw8",4829,6663,52775,4510,0
50,{'media_keys': ['3_1579886622455259137']},158487331,2022-10-11 17:28:21+00:00,[1579886634371526656],1.57989E+18,pt,Que Deus nos abenÃ§oe e nos proteja â¤ï¸ğŸ™ https://t.co/kWieggaX4y,5641,2122,97148,575,0
50,,158487331,2022-01-19 12:36:32+00:00,[1483780414732967937],1.48378E+18,pt,"Amargurado? sou feliz demais por tudo que conquistei atÃ© aqui e por todos que me apoiam, principalmente os Brasileiros!",5641,2122,97148,575,0
51,,158487331,2022-10-09 20:00:51+00:00,[1579200238644252673],1.5792E+18,en,"Check out what I've been working on with @MechArenaMobile !
Add my LIMITED edition #neymarjr Pilot to your hangar and do some SERIOUS damage to your opponents!
Go to https://t.co/e2KzKWiFu3 and join 7-day #pilotchase to get my Pilot for free.
#mecharena
https://t.co/Icee7gDSvA",178,265,5101,5,0
51,,158487331,2022-01-14 18:05:28+00:00,[1482051254662610950],1.48205E+18,pt,"Vem comigo no @FacebookGaming ğŸ˜‰

https://t.co/5Hjoyr63MA !",178,265,5101,5,0
52,{'media_keys': ['7_1578427436982829061']},158487331,2022-10-07 16:50:16+00:00,[1578427500505763840],1.57843E+18,pt,". #Brasil, Ã© a sua hora de brilhar.
Mostre suas habilidades no futebol no @qatarairways pop up na Cidade #SaoPaulo nos dias 8 e 9 de outubro.

#Qatar2022 #QatarAirways #FlytoQatar2022 #FIFAWorldCup #WeWillRoQ https://t.co/G9fnSUIVt7",315,339,7818,5,0
52,{'media_keys': ['7_1482024566964862981']},158487331,2022-01-14 16:19:31+00:00,[1482024587936382980],1.48202E+18,zxx,https://t.co/5Hjoyr63MA https://t.co/nAwSSs5vuO,315,339,7818,5,0
53,{'media_keys': ['3_1577712085118685184']},158487331,2022-10-05 17:27:30+00:00,[1577712093377216513],1.57771E+18,pt,Que Deus nos abenÃ§oe e nos proteja â¤ï¸ğŸ™ https://t.co/BZRP7L0V6B,7410,3625,127423,740,0
53,{'media_keys': ['13_1480908067030061059']},158487331,2022-01-11 14:29:22+00:00,[1480909706973650947],1.48091E+18,pt,"25/01/2022 - Save the Date
""Neymar: O Caos Perfeito""
#neymarNetflix https://t.co/lDIlh4ebAT",7410,3625,127423,740,0
54,{'media_keys': ['3_1576260203212935172']},158487331,2022-10-01 17:18:14+00:00,[1576260211501068288],1.57626E+18,pt,Que Deus nos abenÃ§oe e nos proteja ğŸ™ğŸ’™ğŸ’šğŸ’› https://t.co/cfdZfhuVPP,8967,6815,155345,798,0
54,{'media_keys': ['7_1479154768689958917']},158487331,2022-01-06 18:16:09+00:00,[1479154838470639620],1.47915E+18,en,Step by Step ğŸ”¥ https://t.co/RPB63Eblac,8967,6815,155345,798,0
55,{'media_keys': ['13_1575855580081700864']},158487331,2022-09-30 14:50:59+00:00,[1575860767857037314],1.57586E+18,en,"Incredible #India!
Celebrate 50 Days To Go at JIO World in #Mumbai and visit the #QatarAirways pop up and show your football skills to win exclusive FIFA World Cup travel packages only on 1-2 October. 

#Qatar2022 #QatarAirways #FlytoQatar2022 #FIFAWorldCup #WeWillRoQ https://t.co/g2A9rpJHPi",676,870,18096,36,0
56,,158487331,2022-09-30 10:25:25+00:00,[1575793934441549824],1.57579E+18,pt,"Falam em democracia e um montÃ£o de coisa, mas quando alguÃ©m tem um opiniÃ£o diferente Ã© atacado pelas prÃ³prias pessoas que falam em democracia. Vai entender ğŸ˜‚ğŸ¤·ğŸ½â€â™‚ï¸",100546,80128,655440,46530,0
57,{'media_keys': ['3_1574798449194795011']},158487331,2022-09-27 16:29:45+00:00,[1574798457151299584],1.5748E+18,pt,Que Deus nos abenÃ§oe e nos proteja ğŸ™â¤ï¸ https://t.co/hL0w1NkUrJ,14507,6511,223038,1238,0
58,{'media_keys': ['7_1573662398635991041']},158487331,2022-09-24 13:15:49+00:00,[1573662488922578947],1.57366E+18,en,"#Tokyo are you ready?
Join @qatarairways for the last day tomorrow at Japan Tourism Expo to show your football skills for a chance to win exclusive prizes. 
See you in Qatar 
https://t.co/CtiYfDCsp3

#Qatar2022 #QatarAirways #FlytoQatar2022 #FIFAWorldCup #WeWillRoQ https://t.co/4V5JS3z1Kj",357,536,8995,13,0
59,{'media_keys': ['3_1573355915046256640']},158487331,2022-09-23 16:57:37+00:00,[1573355920482074625],1.57336E+18,pt,Que Deus nos abenÃ§oe e nos proteja ğŸ™â¤ï¸ https://t.co/vh0iZXFwMH,9062,2728,144148,1095,0
60,,158487331,2022-09-19 01:11:31+00:00,[1571668276140462082],1.57167E+18,pt,Pessima notÃ­cia aos inimigos â€¦ @gabriel1medina ğŸ˜‚,947,937,61050,108,0
61,"{'media_keys': ['3_1571223770819428362', '3_1571223770861387776', '3_1571223770861379584']}",158487331,2022-09-17 19:45:55+00:00,[1571223946057351170],1.57122E+18,en,Training session for tomorrow ğŸ”¥ https://t.co/gKA2R7QRnE,3523,1085,102825,170,0
62,,158487331,2022-09-17 11:04:40+00:00,[1571092771511078912],1.57109E+18,pt,"SÃ³ eu acordei querendo que o @vinijr faÃ§a gol amanhÃ£ ?  ğŸ¤”

#BailaViniJr",36797,6372,357306,5936,0
63,,158487331,2022-09-16 07:48:25+00:00,[1570680994151411712],1.57068E+18,in,BAILA VINI JR @vinijr,64534,4301,502079,5363,0
64,,158487331,2022-09-14 22:16:03+00:00,[1570174565120356352],1.57017E+18,pt,"CartÃµes amarelos diferentes ğŸŸ¨

Dar uma carretilha âœ…
Comemorando o gol fazendo careta âœ…

Seguimos âœ‹ğŸ½ğŸ˜ğŸ¤šğŸ½",9590,1724,138756,1061,0
65,,158487331,2022-09-14 21:43:59+00:00,[1570166495128485888],1.57017E+18,de,DANIEL SIEBERT âœ‹ğŸ½ğŸ˜ğŸ¤šğŸ½ https://t.co/LnVBuaVQ8S,3407,712,45735,472,0
66,,158487331,2022-09-14 21:42:46+00:00,[1570166188315127808],1.57017E+18,pt,"Falta de respeito total com o atleta. Esse tipo de coisa nÃ£o pode acontecer.. 
tomo o amarelo por simplesmente nÃ£o ter feito nada e continuo prejudicado. E o juiz? Nem dizer que errou, ele vai! 
Muita falta de respeito",12035,3103,184762,1477,0
67,{'media_keys': ['3_1570164711378878464']},158487331,2022-09-14 21:36:58+00:00,[1570164728902701056],1.57016E+18,pt,"#liberaacomemoracaoDanielSiebert 
To pedindo agora tÃ¡ ? https://t.co/ko5ZnqA3ui",16485,2389,190086,1824,0
68,{'media_keys': ['3_1570094769446993922']},158487331,2022-09-14 16:58:59+00:00,[1570094774836760577],1.57009E+18,pt,Que Deus nos abenÃ§oe e nos proteja ğŸ™â¤ï¸ https://t.co/xoVzuPmB5y,5121,1402,98676,535,0
69,{'media_keys': ['13_1569375859424763906']},158487331,2022-09-12 17:25:18+00:00,[1569376621114626049],1.56938E+18,en,"It is time to rock your world. @qatarairways is ready to take you on a journey of a lifetime to the biggest show on earth.

#Qatar2022 #QatarAirways #FlytoQatar2022 #FIFAWorldCup #WeWillRoQ #ad https://t.co/V2CaeHJ8WT",536,279,10937,28,0
70,{'media_keys': ['3_1569282162620342273']},158487331,2022-09-12 11:09:59+00:00,[1569282167842439168],1.56928E+18,und,âœ‹ğŸ½ğŸ˜ğŸ¤šğŸ½ https://t.co/rtfeQZYLQd,14031,2511,269975,1092,0
71,"{'media_keys': ['3_1568696970981642240', '3_1568696970755055617', '3_1568696970738339845', '3_1568696970759356419']}",158487331,2022-09-10 20:24:38+00:00,[1568696976484741120],1.5687E+18,und,ğŸ”¥ https://t.co/lN13jBfznN,11395,2116,199410,854,0
72,{'media_keys': ['3_1568588445454303236']},158487331,2022-09-10 13:13:24+00:00,[1568588449959010304],1.56859E+18,pt,Que Deus nos abenÃ§oe e nos proteja ğŸ™â¤ï¸ https://t.co/b7XON9wy1f,2719,894,57797,176,0
73,{'media_keys': ['3_1567216491145183240']},158487331,2022-09-06 18:21:44+00:00,[1567216496534749187],1.56722E+18,pt,Que Deus nos abenÃ§oe e nos proteja ğŸ™â¤ï¸ https://t.co/QBJcXCSY8n,4733,1663,89674,633,0
74,{'media_keys': ['3_1566795870472998912']},158487331,2022-09-05 14:30:21+00:00,[1566795876403757069],1.5668E+18,en,Mood ğŸ˜‚ https://t.co/Nyuoa01mK0,18917,3159,423829,1921,0
75,{'media_keys': ['3_1566764084019793920']},158487331,2022-09-05 12:24:02+00:00,[1566764090416136194],1.56676E+18,en,Ready for tomorrow âœ‹ğŸ½ğŸ˜ğŸ¤šğŸ½ https://t.co/dRXei1w0u0,9511,2329,227029,1421,0
76,{'media_keys': ['13_1566460448140152833']},158487331,2022-09-04 16:22:07+00:00,[1566461615708545031],1.56646E+18,pt,"O jogo de futebol da KONAMI que eu sou embaixador, o eFootballâ„¢ 2023, foi atualizado com os dados da nova temporada!
Como ele estÃ¡ disponÃ­vel para console e mobile, agora Ã© a hora para vocÃª entrar na brincadeira.
TÃ¡ esperando o q para comeÃ§ar a jogar?
#eFootball #FreeToPlay #ad https://t.co/P3TtrECxDG",627,352,11835,52,0
77,{'media_keys': ['3_1564605908017111062']},158487331,2022-08-30 13:28:13+00:00,[1564605913171955718],1.56461E+18,pt,Alegria Alegria âœ‹ğŸ½ğŸ˜ğŸ¤šğŸ½ https://t.co/0abZFowu6b,11449,3295,262561,1717,0
78,{'media_keys': ['3_1563939341826654208']},158487331,2022-08-28 17:19:31+00:00,[1563939347484889089],1.56394E+18,pt,Que Deus nos abenÃ§oe e nos proteja ğŸ™â¤ï¸ https://t.co/HQ6NOWCx8i,3828,1382,87187,351,0
79,,158487331,2022-08-19 19:57:36+00:00,[1560717637172207619],1.56072E+18,pt,"Gostei dessa #PINKVENOM @BLACKPINK
https://t.co/xbAJeNqvlI",35861,5164,109807,18805,0
80,{'media_keys': ['7_1560238481154232322']},158487331,2022-08-18 12:14:00+00:00,[1560238580617854976],1.56024E+18,en,"Enter Cadbury FCâ€™s â€˜Win A Worldieâ€™ today and you could be hanging out with me before you know it! Head to the link in my bio ğŸ™Œ
 
#WinAWorldie #CadburyFC 
 
UK/ROI, 18+, NPN NI &amp; ROI. Closes 20.11.22. T&amp;Cs apply - see https://t.co/B1lhFB0L5H more information and full T&amp;Cs. https://t.co/CtpmNgbTay",259,319,7179,30,0
81,,158487331,2022-08-13 23:49:53+00:00,[1558601765859229696],1.5586E+18,es,"tamo solto, IXQUECE âœ‹ğŸ½ğŸ˜ğŸ¤šğŸ½ https://t.co/ZPY5zBop1I",1712,829,42015,165,0
82,{'media_keys': ['3_1558601570564145152']},158487331,2022-08-13 23:49:11+00:00,[1558601592877768704],1.5586E+18,pt,O pai tÃ¡ on e roteando âœ‹ğŸ½ğŸ˜ğŸ¤šğŸ½ https://t.co/AXDIlPVk6s,21576,5949,356868,2318,0
83,{'media_keys': ['3_1558504697039814657']},158487331,2022-08-13 17:24:12+00:00,[1558504708905508866],1.5585E+18,pt,Que Deus nos abenÃ§oe e nos proteja â¤ï¸ğŸ™ https://t.co/5xzIoKuKD2,3198,1049,73642,306,0
84,{'media_keys': ['13_1558044194723225600']},158487331,2022-08-12 10:58:24+00:00,[1558045231785836544],1.55805E+18,en,"With only 100 days to go, it's nearly time for the FIFA World Cup Qatar 2022â„¢ âš½ï¸ğŸ†
It's time to secure your seat with @qatarairways complete travel packages https://t.co/bFlvTNxdxA

#QatarAirways #FIFAWorldCup âœˆï¸ @qatarairways https://t.co/EArU09wALP",499,296,10408,38,0
85,{'media_keys': ['13_1554798785406160897']},158487331,2022-08-03 11:59:33+00:00,[1554799127984312326],1.5548E+18,en,"#AD Fancy winning a Worldie shirt signed by me? Click the link in my bio for your chance to score with #CadburyFC! âš½ğŸ¤™

#WinAWorldie 

UK/ROI, 18+, NPN NI &amp; ROI. Closes 14.08.22. T&amp;Cs apply - see https://t.co/aj7psXrIrK for more information and full T&amp;Cs. https://t.co/TiF7Klp45p",287,382,7871,23,0
86,,158487331,2022-07-26 09:20:34+00:00,[1551860014301827073],1.55186E+18,pt,"Toda aÃ§Ã£o provava uma reaÃ§Ã£o â€¦ 
Fala o que quer, escuta o que nÃ£o quer ğŸ˜‰",14145,4317,153663,2905,0
87,,158487331,2022-07-26 09:20:08+00:00,[1551859906189328384],1.55186E+18,pt,"Ah pronto! NÃ£o posso contrariar uma matÃ©ria que estÃ¡ falando besteira.. que agora eu nÃ£o aceito crÃ­tica ğŸ˜‚ğŸ˜‚ğŸ˜‚ meu amigoooo, sou criticado desde os meus 13 anos. 
Passei muito tempo calado, isso sim e se falar algo que nÃ£o concordo, voltarei a falar!",9378,8907,227042,3979,0
88,,158487331,2022-07-25 14:59:34+00:00,[1551582940219559936],1.55158E+18,pt,Meu sobrenome ğŸ˜‚ğŸ¤·ğŸ½â€â™‚ï¸ atura ou surta https://t.co/Y1SpbQshbz,2072,1411,50589,1687,0
89,{'media_keys': ['3_1551582510424915969']},158487331,2022-07-25 14:57:55+00:00,[1551582525440593920],1.55158E+18,es,âœ‹ğŸ½ğŸ˜œğŸ¤šğŸ½ careta pros HATE ğŸ˜‚ğŸ˜‚ğŸ˜‚ğŸ˜‚ https://t.co/GgPmMTlPUt,25776,11968,344990,4746,0
90,,158487331,2022-07-14 09:05:36+00:00,[1547507595472248832],1.54751E+18,pt,"Fico triste pela derrota do Santos mas o que mais me entristeceu foi ver a atitude desse torcedor. 
No calor do momento Ã© onde tomamos atitudes que nos fazem se arrepender e nos deixam com vergonha. 
Espero que isso sirva de liÃ§Ã£o pra todos os torcedores!",3085,1650,108185,569,0
91,,158487331,2022-07-13 07:09:03+00:00,[1547115877958651905],1.54712E+18,pt,"Gosto muito do Diniz como treinador, uma pena que no Br nÃ£o dÃ£o tempo suficiente.",7370,3740,155517,5841,0
92,,158487331,2022-07-09 16:56:55+00:00,[1545814263993884674],1.54581E+18,pt,"Assistindo alguns lances meus em live! Vem pra resenha!!

https://t.co/1X4pGMWFTx
https://t.co/1X4pGMWFTx
https://t.co/1X4pGMWFTx",233,306,6742,17,0
93,,158487331,2022-06-24 18:59:43+00:00,[1540409350539415553],1.54041E+18,pt,"Jogando PUBG ao vivo agora, cola assistir 

https://t.co/1X4pGMWFTx 
https://t.co/1X4pGMWFTx 
https://t.co/1X4pGMWFTx",220,755,6607,48,0
94,{'media_keys': ['3_1540372978399150080']},158487331,2022-06-24 16:35:12+00:00,[1540372983663017985],1.54037E+18,pt,"VocÃªs viram os atributos e o design da minha carta no eFootballâ„¢ 2022?
Comprando o ""Premium Ambassador Pack (Pacote de embaixador premium)"" vocÃª vai receber esta carta fenomenal, que foi criada especialmente para este pacote!
#eFootball #FreeToPlay #ad https://t.co/R6roTsrqiR",649,883,25733,77,0
95,,158487331,2022-06-18 19:34:32+00:00,[1538243784852418560],1.53824E+18,pt,"Perdeuâ€¦ nÃ£o pode comemorar o aniversÃ¡rio da vÃ³, do filho, da esposa e principalmente o seu. 
Ser atleta nÃ£o tÃ¡ fÃ¡cil ğŸ˜‚ â€œser feliz sÃ³ pode depois que a carreira encerrar, que loucuraâ€",4956,4989,153279,2622,0
96,{'media_keys': ['3_1537890647159365632']},158487331,2022-06-17 20:13:10+00:00,[1537891121656782850],1.53789E+18,pt,"O game de futebol eFootballâ„¢ 2022 da Konami acabou de ser atualizado!
Agora tambÃ©m disponÃ­vel em dispositivos mobile, e com o novo modo de jogar: Time ideal.
Vamos lÃ¡, me mostre o seu time dos sonhos!
=&gt; https://t.co/yKgwX76Rmy
#eFootball #FreeToPlay 
#ad https://t.co/02WBXeKZCQ",523,598,15632,71,0
97,{'media_keys': ['3_1534901299128553473']},158487331,2022-06-09 14:12:42+00:00,[1534901303972864002],1.5349E+18,en,"Explore new spaces in #PUMASlipstream ğŸ‘ŸğŸš€ Available on https://t.co/CgUJQPi3kR .

@puma
#ad https://t.co/ncVkDGx0Kd",1287,1172,48882,247,0
98,{'media_keys': ['7_1529825754644480000']},158487331,2022-05-26 14:04:31+00:00,[1529825813792641025],1.52983E+18,en,"Doha letâ€™s go ğŸ’ªğŸ”¥
@OoredooQatar https://t.co/4bNc1EUWD6",1110,1024,26743,142,0
99,{'media_keys': ['13_1528134005903790082']},158487331,2022-05-22 13:00:01+00:00,[1528360030554054657],1.52836E+18,en,"Flashback to the @redbull Neymar Jr's Five 2019 rating goals with my friends ğŸ”¥
Looking forward to seeing some awesome #outplaythemall moments this year ğŸ™Œ

Tune in live on Red Bull TV at 6:30pm CEST on May 24th! https://t.co/O4cuK1Cl7j",362,430,10626,24,0
0,{'media_keys': ['3_1608544186537594881']},1725137533,2022-12-29 19:23:14+00:00,[1608544190228750342],1.60854E+18,en,"The king of football has left us but his legacy will never be forgotten. 
RIP KING ğŸ’”ğŸ‘‘â€¦ https://t.co/F55PrcM2Ud",178059,12057,2308355,4557,64174626
1,{'media_keys': ['3_1605320060213641216']},1725137533,2022-12-20 21:51:45+00:00,[1605320073341964288],1.60532E+18,fr,"24 ğŸ‰ğŸ‚
Merci Ã  tous pour vos messages. ğŸ¥° https://t.co/EnMoAqO4Bd",110503,48993,2070238,19449,66598456
2,{'media_keys': ['3_1604783566625325058']},1725137533,2022-12-19 10:19:55+00:00,[1604783580819120129],1.60478E+18,fr,Nous reviendrons. ğŸ‡«ğŸ‡·ğŸ™ğŸ½ https://t.co/Ni2WhO6Tgd,256148,68109,2331342,29804,78289775
3,{'media_keys': ['3_1603168451350102018']},1725137533,2022-12-14 23:22:01+00:00,[1603168463870042114],1.60317E+18,en,"Donâ€™t be sad bro, everybody is proud of what you did, you made history. â¤ï¸ @AchrafHakimi https://t.co/hvjQvQ84c6",91511,16973,1306280,19572,0
4,,1725137533,2022-12-14 21:46:34+00:00,[1603144441019113479],1.60314E+18,en,BACK TO BACK WORLD CUP FINAL. ğŸ‡«ğŸ‡·,109520,29498,1220394,17273,0
5,"{'media_keys': ['3_1601714082373140481', '3_1601714082368864257']}",1725137533,2022-12-10 23:02:53+00:00,[1601714094540627968],1.60171E+18,fr,Encore un peu plus proche du rÃªve absolu..ğŸ‡«ğŸ‡·ğŸ‘ŠğŸ½ @equipedefrance https://t.co/F4Cts5FXXK,15440,3992,246655,1051,0
6,,1725137533,2022-12-10 22:12:30+00:00,[1601701416451854336],1.6017E+18,art,ğŸ‡«ğŸ‡·ğŸ‡«ğŸ‡·ğŸ‡«ğŸ‡·ğŸ‡«ğŸ‡·ğŸ‡«ğŸ‡·ğŸ‡«ğŸ‡·ğŸ‡«ğŸ‡·ğŸ‡«ğŸ‡·ğŸ‡«ğŸ‡·ğŸ‡«ğŸ‡·ğŸ‡«ğŸ‡·ğŸ‡«ğŸ‡·,46802,15404,684297,4892,0
7,{'media_keys': ['3_1600187168386859011']},1725137533,2022-12-06 17:55:29+00:00,[1600187182802534400],1.60019E+18,und,ğŸ‡²ğŸ‡¦ğŸ‘‘ğŸ«¶ğŸ½â€¦ @AchrafHakimi https://t.co/fDCyfMI7LM,52102,5627,756547,6017,0
8,,1725137533,2022-12-06 17:52:50+00:00,[1600186519276253184],1.60019E+18,tr,ACHRAF HAKIMI. ğŸ§ğŸ«¶ğŸ½ğŸ‘‘,90327,10103,1162585,8018,0
9,"{'media_keys': ['3_1599469502139453440', '3_1599469502135156737']}",1725137533,2022-12-04 18:23:42+00:00,[1599469511731687425],1.59947E+18,fr,Belle victoire et qualification pour le quart de finale ğŸ‡«ğŸ‡·ğŸ’ªğŸ½â€¦ https://t.co/ps3B4PrTQB,22452,5766,371870,1987,0
10,,1725137533,2022-12-03 13:21:28+00:00,[1599031061907787778],1.59903E+18,en,Pray for the King ğŸ‘‘ğŸ™ğŸ½ğŸ‡§ğŸ‡· @Pele,51765,3618,679124,2116,0
11,{'media_keys': ['3_1596580424133890052']},1725137533,2022-11-26 19:03:34+00:00,[1596580440101748741],1.59658E+18,en,"QUALIFICATION !!! ğŸ‡«ğŸ‡·ğŸ‡«ğŸ‡·ğŸ‡«ğŸ‡·ğŸ‡«ğŸ‡·ğŸ‡«ğŸ‡·
@equipedefrance https://t.co/uI3NX5cono",21126,3266,271755,1426,0
12,{'media_keys': ['3_1595177495560683520']},1725137533,2022-11-22 22:08:48+00:00,[1595177505312444419],1.59518E+18,fr,Une belle entrÃ©e dans la compÃ©tition. ğŸ‡«ğŸ‡·ğŸ‘ğŸ½ https://t.co/Bftn5KAO72,9045,2242,176649,740,0
13,{'media_keys': ['3_1590427398922801158']},1725137533,2022-11-09 19:33:36+00:00,[1590427403289268226],1.59043E+18,fr,Toujours un rÃªve de disputer la plus grande des compÃ©titions avec mon pays. ğŸ‡«ğŸ‡·ğŸ† @equipedefrance https://t.co/X7hXr5d42P,7508,2413,122593,863,0
14,{'media_keys': ['3_1580158223801360389']},1725137533,2022-10-12 11:27:34+00:00,[1580158229518376960],1.58016E+18,fr,Rendez-vous aux enfants dans ce lieu dâ€™histoire cet aprÃ¨s-midi pour un moment de partage. âœŠğŸ½ https://t.co/loHdSjnbcl,988,1115,27951,244,0
15,{'media_keys': ['7_1562499858644205568']},1725137533,2022-08-24 17:59:50+00:00,[1562499941376806912],1.5625E+18,fr,"FÃ©licitations Camille. 
Continues de tous nous inspirer. 
Le Parc des Princes est aussi ta maison maintenant ğŸ‘ŠğŸ½ğŸ™ğŸ½â¤ï¸ 

@1SourireCamille https://t.co/6nKpnrcobf",3934,1418,46124,297,0
16,"{'media_keys': ['3_1549371874710528003', '3_1549371874827980800']}",1725137533,2022-07-19 12:33:36+00:00,[1549371878925832192],1.54937E+18,en,"3 IN A ROW ğŸ‘‘ 
Proud to feature on the cover again #FIFA23 
Â 
@EASPORTSFIFA https://t.co/t71RGY7sBZ",4788,3303,76941,820,0
17,,1725137533,2022-06-19 13:08:01+00:00,[1538508904283389952],1.53851E+18,fr,"Oui enfin je lui ai surtout bien expliquÃ© que câ€™Ã©tait par rapport au racisme et NON au penalty. 
Mais lui considÃ©rait quâ€™il nâ€™y avait pas  eu de racismeâ€¦ https://t.co/wZ1nQfb4l4",34469,5155,189250,7265,0
18,{'media_keys': ['3_1538164271858819072']},1725137533,2022-06-18 14:18:40+00:00,[1538164294210166785],1.53816E+18,und,ğŸ¥·ğŸ˜â€¦ https://t.co/w4oPwswUeJ,7890,6555,251399,2280,0
19,"{'media_keys': ['3_1537110680263962624', '3_1537110680255582208']}",1725137533,2022-06-15 16:32:01+00:00,[1537110690162409473],1.53711E+18,en,FINALLY ğŸ¤¤ğŸ¤¤ğŸ¤¤ğŸ¤¤ğŸ¤¤ğŸ¤¤ğŸ¤¤ğŸ¤¤ https://t.co/SS2XSu5vBX,5402,6436,163759,2015,0
20,"{'media_keys': ['3_1530571425785995264', '3_1530571425790164994']}",1725137533,2022-05-28 15:27:20+00:00,[1530571431662301185],1.53057E+18,und,ğŸ‡«ğŸ‡·ğŸ”™â€¦ @equipedefrance https://t.co/LDPuMOZE8U,4448,6339,105803,1027,0
21,"{'media_keys': ['3_1528479341457330180', '3_1528479341507710976']}",1725137533,2022-05-22 20:54:09+00:00,[1528479348646346754],1.52848E+18,fr,"â€¢ CHAMP10NS 
â€¢ Meilleur buteur &amp; Meilleur passeur 

MERCI â¤ï¸ 
@Ligue1UberEats @PSG_inside https://t.co/83V7VNPz75",5972,7411,96912,877,0
22,{'media_keys': ['3_1528407121095757826']},1725137533,2022-05-22 16:07:10+00:00,[1528407127055794178],1.52841E+18,zxx,https://t.co/m00Sii3A6l,18275,23371,181862,9229,0
23,{'media_keys': ['3_1528158715886567427']},1725137533,2022-05-21 23:40:08+00:00,[1528158732961595392],1.52816E+18,fr,Lâ€™aventure continueâ€¦ğŸ”´ğŸ”µ https://t.co/w0STNy0oLQ,45505,44504,478815,11610,0
24,"{'media_keys': ['3_1525950945103958016', '3_1525950945133318145']}",1725137533,2022-05-15 21:27:12+00:00,[1525950950330060800],1.52595E+18,fr,"Meilleur joueur de Ligue1 pour la 3e saison consÃ©cutive. Une fiertÃ© immense dâ€™Ã©crire lâ€™histoire une nouvelle fois. Cette reconnaissance me fait chaud au cÅ“ur. Et bien sÃ»r merci Ã  lâ€™ensemble de mon club et les fans pour la confiance accordÃ©e cette saison. 

Merci â¤ï¸ğŸ†ğŸ¥‡ @UNFP https://t.co/LTweeLdrWk",6665,8979,118170,952,0
25,{'media_keys': ['3_1509612982946385932']},1725137533,2022-03-31 19:25:58+00:00,[1509612987828473895],1.50961E+18,fr,"Le danger des paris en ligneâ€¦ ne plus avoir de limite. 
Un peu de respect svp 

ğŸ¤¦ğŸ½â€â™‚ï¸ğŸ¤¬ @WinamaxSport https://t.co/7Wj5jbBdPL",33347,4606,197712,7214,0
26,{'media_keys': ['3_1493741507299344384']},1725137533,2022-02-16 00:18:24+00:00,[1493741516585684993],1.49374E+18,und,MVP. ğŸ’ªğŸ½ğŸ™ğŸ½ğŸ† @ChampionsLeague https://t.co/WS2blAPsM0,14590,4718,316976,1706,0
27,{'media_keys': ['3_1493713341465960453']},1725137533,2022-02-15 22:26:28+00:00,[1493713346826285064],1.49371E+18,fr,"PremiÃ¨re manche victorieuse. 
ICI Câ€™EST PARIS ğŸ”´ğŸ”µ https://t.co/LV771fltYZ",33967,7008,322930,4815,0
28,{'media_keys': ['3_1492268649159315463']},1725137533,2022-02-11 22:45:47+00:00,[1492268658038644751],1.49227E+18,en,Big Up Legendâ€¦ğŸ˜‰ https://t.co/7jI4obAd1Y,27041,2454,366185,1879,0
29,,1725137533,2022-01-25 20:33:10+00:00,[1486074687838949379],1.48607E+18,en,"ACHRAF HAKIMI. 
BEST RB IN THE WORLD. 

GOOD NIGHT GUYS. ğŸ‘‹ğŸ½",40998,11679,322575,10641,0
30,,1725137533,2022-01-10 12:55:28+00:00,[1480523688688631810],1.48052E+18,fr,"Je te souhaite Ã©galement une bonne annÃ©e ma petite Camille â¤ï¸ğŸ™ğŸ½. 
Continues de te battre comme tu le fais, tu nous donnes une leÃ§on de vie Ã  tous. âœŠğŸ½

La violence des commentaires pour une gamineâ€¦ On est vraiment en train de toucher le fond. Il sâ€™agirait de se ressaisir un peu. https://t.co/UgBTVnzhTB",19625,1948,119710,1326,0
